one,two,three,four,five,six,seven,author,title
奔,流,到,海,不,復,回,李白,鼓吹曲辭 將進酒
朝,如,青,絲,暮,成,雪,李白,鼓吹曲辭 將進酒
人,生,得,意,須,盡,歡,李白,鼓吹曲辭 將進酒
莫,使,金,尊,空,對,月,李白,鼓吹曲辭 將進酒
天,生,我,材,必,有,用,李白,鼓吹曲辭 將進酒
千,金,散,盡,還,復,來,李白,鼓吹曲辭 將進酒
烹,羊,宰,牛,且,爲,樂,李白,鼓吹曲辭 將進酒
會,須,一,飲,三,百,杯,李白,鼓吹曲辭 將進酒
請,君,爲,我,側,耳,聽,李白,鼓吹曲辭 將進酒
鐘,鼓,饌,玉,不,足,貴,李白,鼓吹曲辭 將進酒
但,願,長,醉,不,復,醒,李白,鼓吹曲辭 將進酒
古,來,聖,賢,皆,寂,寞,李白,鼓吹曲辭 將進酒
惟,有,飲,者,留,其,名,李白,鼓吹曲辭 將進酒
陳,王,昔,時,宴,平,樂,李白,鼓吹曲辭 將進酒
斗,酒,十,千,恣,歡,謔,李白,鼓吹曲辭 將進酒
主,人,何,爲,言,少,錢,李白,鼓吹曲辭 將進酒
徑,須,酤,取,對,君,酌,李白,鼓吹曲辭 將進酒
呼,兒,將,出,換,美,酒,李白,鼓吹曲辭 將進酒
與,爾,同,銷,萬,古,愁,李白,鼓吹曲辭 將進酒
秦,時,明,月,漢,時,關,王昌齡,橫吹曲辭 出塞 一
萬,里,長,征,人,未,還,王昌齡,橫吹曲辭 出塞 一
但,使,龍,城,飛,將,在,王昌齡,橫吹曲辭 出塞 一
不,教,胡,馬,度,陰,山,王昌齡,橫吹曲辭 出塞 一
黃,砂,直,上,白,雲,間,王之渙,橫吹曲辭 出塞
一,片,孤,城,萬,仞,山,王之渙,橫吹曲辭 出塞
羌,笛,何,須,怨,楊,柳,王之渙,橫吹曲辭 出塞
春,風,不,度,玉,門,關,王之渙,橫吹曲辭 出塞
錦,瑟,無,端,五,十,絃,李商隱,錦瑟
一,絃,一,柱,思,華,年,李商隱,錦瑟
莊,生,曉,夢,迷,蝴,蝶,李商隱,錦瑟
望,帝,春,心,託,杜,鵑,李商隱,錦瑟
滄,海,月,明,珠,有,淚,李商隱,錦瑟
藍,田,日,暖,玉,生,煙,李商隱,錦瑟
此,情,可,待,成,追,憶,李商隱,錦瑟
只,是,當,時,已,惘,然,李商隱,錦瑟
君,問,歸,期,未,有,期,李商隱,夜雨寄北
巴,山,夜,雨,漲,秋,池,李商隱,夜雨寄北
何,當,共,剪,西,窗,燭,李商隱,夜雨寄北
却,話,巴,山,夜,雨,時,李商隱,夜雨寄北
元,和,天,子,神,武,姿,李商隱,韓碑
彼,何,人,哉,軒,與,羲,李商隱,韓碑
誓,將,上,雪,列,聖,恥,李商隱,韓碑
坐,法,宮,中,朝,四,夷,李商隱,韓碑
淮,西,有,賊,五,十,載,李商隱,韓碑
封,狼,生,貙,貙,生,羆,李商隱,韓碑
不,據,山,河,據,平,地,李商隱,韓碑
長,戈,利,矛,日,可,麾,李商隱,韓碑
帝,得,聖,相,相,曰,度,李商隱,韓碑
賊,斫,不,死,神,扶,持,李商隱,韓碑
腰,懸,相,印,作,都,統,李商隱,韓碑
陰,風,慘,澹,天,王,旗,李商隱,韓碑
愬,武,古,通,作,牙,爪,李商隱,韓碑
儀,曹,外,郎,載,筆,隨,李商隱,韓碑
行,軍,司,馬,智,且,勇,李商隱,韓碑
十,四,萬,衆,猶,虎,貔,李商隱,韓碑
入,蔡,縛,賊,獻,太,廟,李商隱,韓碑
功,無,與,讓,恩,不,訾,李商隱,韓碑
帝,曰,汝,度,功,第,一,李商隱,韓碑
汝,從,事,愈,宜,爲,辭,李商隱,韓碑
愈,拜,稽,首,蹈,且,舞,李商隱,韓碑
金,石,刻,畫,臣,能,爲,李商隱,韓碑
古,者,世,稱,大,手,筆,李商隱,韓碑
此,事,不,繫,于,職,司,李商隱,韓碑
當,仁,自,古,有,不,讓,李商隱,韓碑
言,訖,屢,頷,天,子,頤,李商隱,韓碑
公,退,齋,戒,坐,小,閣,李商隱,韓碑
濡,染,大,筆,何,淋,漓,李商隱,韓碑
點,竄,堯,典,舜,典,字,李商隱,韓碑
塗,改,清,廟,生,民,詩,李商隱,韓碑
文,成,破,體,書,在,紙,李商隱,韓碑
清,晨,再,拜,鋪,丹,墀,李商隱,韓碑
表,曰,臣,愈,昧,死,上,李商隱,韓碑
詠,神,聖,功,書,之,碑,李商隱,韓碑
碑,高,三,丈,字,如,斗,李商隱,韓碑
負,以,靈,鼇,蟠,以,螭,李商隱,韓碑
句,奇,語,重,喻,者,少,李商隱,韓碑
讒,之,天,子,言,其,私,李商隱,韓碑
長,繩,百,尺,拽,碑,倒,李商隱,韓碑
麤,砂,大,石,相,磨,治,李商隱,韓碑
公,之,斯,文,若,元,氣,李商隱,韓碑
先,時,已,入,人,肝,脾,李商隱,韓碑
湯,盤,孔,鼎,有,述,作,李商隱,韓碑
今,無,其,器,存,其,辭,李商隱,韓碑
嗚,呼,聖,皇,及,聖,相,李商隱,韓碑
相,與,烜,赫,流,淳,熙,李商隱,韓碑
公,之,斯,文,不,示,後,李商隱,韓碑
曷,與,三,五,相,攀,追,李商隱,韓碑
願,書,萬,本,誦,萬,過,李商隱,韓碑
口,角,流,沫,右,手,胝,李商隱,韓碑
傳,之,七,十,有,二,代,李商隱,韓碑
嵩,雲,秦,樹,久,離,居,李商隱,寄令狐郎中
雙,鯉,迢,迢,一,紙,書,李商隱,寄令狐郎中
休,問,梁,園,舊,賓,客,李商隱,寄令狐郎中
茂,陵,秋,雨,病,相,如,李商隱,寄令狐郎中
紫,泉,宮,殿,鎖,煙,霞,李商隱,隋宮
欲,取,蕪,城,作,帝,家,李商隱,隋宮
玉,璽,不,緣,歸,日,角,李商隱,隋宮
錦,帆,應,是,到,天,涯,李商隱,隋宮
于,今,腐,草,無,螢,火,李商隱,隋宮
終,古,垂,楊,有,暮,鴉,李商隱,隋宮
地,下,若,逢,陳,後,主,李商隱,隋宮
豈,宜,重,問,後,庭,花,李商隱,隋宮
猿,鳥,猶,疑,畏,簡,書,李商隱,籌筆驛
風,雲,常,爲,護,儲,胥,李商隱,籌筆驛
徒,令,上,將,揮,神,筆,李商隱,籌筆驛
終,見,降,王,走,傳,車,李商隱,籌筆驛
管,樂,有,才,終,不,忝,李商隱,籌筆驛
關,張,無,命,欲,何,如,李商隱,籌筆驛
他,年,錦,里,經,祠,廟,李商隱,籌筆驛
梁,父,吟,成,恨,有,餘,李商隱,籌筆驛
昨,夜,星,辰,昨,夜,風,李商隱,無題二首 一
畫,樓,西,畔,桂,堂,東,李商隱,無題二首 一
身,無,綵,鳳,雙,飛,翼,李商隱,無題二首 一
心,有,靈,犀,一,點,通,李商隱,無題二首 一
隔,座,送,鉤,春,酒,暖,李商隱,無題二首 一
分,曹,射,覆,蠟,燈,紅,李商隱,無題二首 一
嗟,余,聽,鼓,應,官,去,李商隱,無題二首 一
走,馬,蘭,臺,類,斷,蓬,李商隱,無題二首 一
來,是,空,言,去,絕,踪,李商隱,無題四首 一
月,斜,樓,上,五,更,鐘,李商隱,無題四首 一
夢,爲,遠,別,啼,難,喚,李商隱,無題四首 一
書,被,催,成,墨,未,濃,李商隱,無題四首 一
蠟,照,半,籠,金,翡,翠,李商隱,無題四首 一
麝,熏,微,度,繡,芙,蓉,李商隱,無題四首 一
劉,郎,已,恨,蓬,山,遠,李商隱,無題四首 一
更,隔,蓬,山,一,萬,重,李商隱,無題四首 一
颯,颯,東,風,細,雨,來,李商隱,無題四首 二
芙,蓉,塘,外,有,輕,雷,李商隱,無題四首 二
金,蟾,齧,鏁,燒,香,入,李商隱,無題四首 二
玉,虎,牽,絲,汲,井,迴,李商隱,無題四首 二
賈,氏,窺,簾,韓,掾,少,李商隱,無題四首 二
宓,妃,留,枕,魏,王,才,李商隱,無題四首 二
春,心,莫,共,花,爭,發,李商隱,無題四首 二
一,寸,相,思,一,寸,灰,李商隱,無題四首 二
乘,興,南,遊,不,戒,嚴,李商隱,隋宮
九,重,誰,省,諫,書,函,李商隱,隋宮
春,風,舉,國,裁,宮,錦,李商隱,隋宮
半,作,障,泥,半,作,帆,李商隱,隋宮
爲,有,雲,屏,無,限,嬌,李商隱,爲有
鳳,城,寒,盡,怕,春,宵,李商隱,爲有
無,端,嫁,得,金,龜,壻,李商隱,爲有
辜,負,香,衾,事,早,朝,李商隱,爲有
相,見,時,難,別,亦,難,李商隱,無題
東,風,無,力,百,花,殘,李商隱,無題
春,蠶,到,死,絲,方,盡,李商隱,無題
蠟,炬,成,灰,淚,始,乾,李商隱,無題
曉,鏡,但,愁,雲,鬢,改,李商隱,無題
夜,吟,應,覺,月,光,寒,李商隱,無題
蓬,山,此,去,無,多,路,李商隱,無題
青,鳥,殷,勤,爲,探,看,李商隱,無題
瑤,池,阿,母,綺,窗,開,李商隱,瑤池
黃,竹,歌,聲,動,地,哀,李商隱,瑤池
八,駿,日,行,三,萬,里,李商隱,瑤池
穆,王,何,事,不,重,來,李商隱,瑤池
悵,臥,新,春,白,袷,衣,李商隱,春雨
白,門,寥,落,意,多,違,李商隱,春雨
紅,樓,隔,雨,相,望,冷,李商隱,春雨
珠,箔,飄,燈,獨,自,歸,李商隱,春雨
遠,路,應,悲,春,晼,晚,李商隱,春雨
殘,宵,猶,得,夢,依,稀,李商隱,春雨
玉,璫,緘,札,何,由,達,李商隱,春雨
萬,里,雲,羅,一,雁,飛,李商隱,春雨
雲,母,屏,風,燭,影,深,李商隱,常娥
長,河,漸,落,曉,星,沈,李商隱,常娥
常,娥,應,悔,偷,靈,藥,李商隱,常娥
碧,海,青,天,夜,夜,心,李商隱,常娥
鳳,尾,香,羅,薄,幾,重,李商隱,無題二首 一
碧,文,圓,頂,夜,深,縫,李商隱,無題二首 一
扇,裁,月,魄,羞,難,掩,李商隱,無題二首 一
車,走,雷,聲,語,未,通,李商隱,無題二首 一
曾,是,寂,寥,金,燼,暗,李商隱,無題二首 一
斷,無,消,息,石,榴,紅,李商隱,無題二首 一
重,帷,深,下,莫,愁,堂,李商隱,無題二首 二
臥,後,清,宵,細,細,長,李商隱,無題二首 二
神,女,生,涯,原,是,夢,李商隱,無題二首 二
小,姑,居,處,本,無,郎,李商隱,無題二首 二
風,波,不,信,菱,枝,弱,李商隱,無題二首 二
月,露,誰,教,桂,葉,香,李商隱,無題二首 二
直,道,相,思,了,無,益,李商隱,無題二首 二
未,妨,惆,悵,是,清,狂,李商隱,無題二首 二
宣,室,求,賢,訪,逐,臣,李商隱,賈生
賈,生,才,調,更,無,倫,李商隱,賈生
可,憐,夜,半,虛,前,席,李商隱,賈生
不,問,蒼,生,問,鬼,神,李商隱,賈生
折,戟,沈,沙,鐵,未,銷,李商隱,赤壁
自,將,磨,洗,認,前,朝,李商隱,赤壁
東,風,不,與,周,郎,便,李商隱,赤壁
銅,雀,春,深,鎖,二,喬,李商隱,赤壁
誰,謂,傷,心,畫,不,成,韋莊,金陵圖
畫,人,心,逐,世,人,情,韋莊,金陵圖
君,看,六,幅,南,朝,事,韋莊,金陵圖
老,木,寒,雲,滿,故,城,韋莊,金陵圖
江,雨,霏,霏,江,草,齊,韋莊,臺城
六,朝,如,夢,鳥,空,啼,韋莊,臺城
無,情,最,是,臺,城,柳,韋莊,臺城
依,舊,煙,籠,十,里,堤,韋莊,臺城
十,二,樓,中,盡,曉,妝,薛逢,宮詞
望,仙,樓,上,望,君,王,薛逢,宮詞
鎖,銜,金,獸,連,環,冷,薛逢,宮詞
水,滴,銅,龍,晝,漏,長,薛逢,宮詞
雲,髻,罷,梳,還,對,鏡,薛逢,宮詞
羅,衣,欲,換,更,添,香,薛逢,宮詞
遙,窺,正,殿,簾,開,處,薛逢,宮詞
袍,袴,宮,人,掃,御,牀,薛逢,宮詞
雲,雨,雖,亡,日,月,新,鄭畋,馬嵬坡
終,是,聖,明,天,子,事,鄭畋,馬嵬坡
景,陽,宮,井,又,何,人,鄭畋,馬嵬坡
謝,公,最,小,偏,憐,女,元稹,遣悲懷三首 一
嫁,與,黔,婁,百,事,乖,元稹,遣悲懷三首 一
顧,我,無,衣,搜,畫,篋,元稹,遣悲懷三首 一
泥,他,沽,酒,拔,金,釵,元稹,遣悲懷三首 一
野,蔬,充,膳,甘,長,藿,元稹,遣悲懷三首 一
落,葉,添,薪,仰,古,槐,元稹,遣悲懷三首 一
今,日,俸,錢,過,十,萬,元稹,遣悲懷三首 一
與,君,營,奠,復,營,齋,元稹,遣悲懷三首 一
昔,日,戲,言,身,後,意,元稹,遣悲懷三首 二
今,朝,皆,到,眼,前,來,元稹,遣悲懷三首 二
衣,裳,已,施,行,看,盡,元稹,遣悲懷三首 二
針,線,猶,存,未,忍,開,元稹,遣悲懷三首 二
尚,想,舊,情,憐,婢,僕,元稹,遣悲懷三首 二
也,曾,因,夢,送,錢,財,元稹,遣悲懷三首 二
誠,知,此,恨,人,人,有,元稹,遣悲懷三首 二
貧,賤,夫,妻,百,事,哀,元稹,遣悲懷三首 二
閑,坐,悲,君,亦,自,悲,元稹,遣悲懷三首 三
百,年,都,是,幾,多,時,元稹,遣悲懷三首 三
鄧,攸,無,子,尋,知,命,元稹,遣悲懷三首 三
潘,岳,悼,亡,猶,費,詞,元稹,遣悲懷三首 三
同,穴,窅,冥,何,所,望,元稹,遣悲懷三首 三
他,生,緣,會,更,難,期,元稹,遣悲懷三首 三
唯,將,終,夜,長,開,眼,元稹,遣悲懷三首 三
報,荅,平,生,未,展,眉,元稹,遣悲懷三首 三
近,寒,食,雨,草,萋,萋,無名氏,雜詩 十三
著,麥,苗,風,柳,映,堤,無名氏,雜詩 十三
早,是,有,家,歸,未,得,無名氏,雜詩 十三
杜,鵑,休,向,耳,邊,啼,無名氏,雜詩 十三
盧,家,少,婦,鬱,金,堂,沈佺期,古意呈補闕喬知之
海,燕,雙,棲,玳,瑁,梁,沈佺期,古意呈補闕喬知之
九,月,寒,砧,催,木,葉,沈佺期,古意呈補闕喬知之
十,年,征,戍,憶,遼,陽,沈佺期,古意呈補闕喬知之
白,狼,河,北,音,書,斷,沈佺期,古意呈補闕喬知之
丹,鳳,城,南,秋,夜,長,沈佺期,古意呈補闕喬知之
誰,謂,含,愁,獨,不,見,沈佺期,古意呈補闕喬知之
更,教,明,月,照,流,黃,沈佺期,古意呈補闕喬知之
隱,隱,飛,橋,隔,野,煙,張旭,桃花谿
石,磯,西,畔,問,漁,船,張旭,桃花谿
桃,花,盡,日,隨,流,水,張旭,桃花谿
洞,在,清,谿,何,處,邊,張旭,桃花谿
少,年,十,五,二,十,時,王維,老將行
步,行,奪,得,胡,馬,射,王維,老將行
射,殺,中,山,白,額,虎,王維,老將行
肯,數,鄴,下,黃,鬚,兒,王維,老將行
一,身,轉,戰,三,千,里,王維,老將行
一,劒,曾,當,百,萬,師,王維,老將行
漢,兵,奮,迅,如,霹,靂,王維,老將行
虜,騎,崩,騰,畏,蒺,藜,王維,老將行
衞,青,不,敗,由,天,幸,王維,老將行
李,廣,無,功,緣,數,奇,王維,老將行
自,從,棄,置,便,衰,朽,王維,老將行
世,事,磋,跎,成,白,首,王維,老將行
昔,時,飛,箭,無,全,目,王維,老將行
今,日,垂,楊,生,左,肘,王維,老將行
路,傍,時,賣,故,侯,瓜,王維,老將行
門,前,學,種,先,生,柳,王維,老將行
蒼,茫,古,木,連,窮,巷,王維,老將行
寥,落,寒,山,對,虛,牖,王維,老將行
誓,令,疏,勒,出,飛,泉,王維,老將行
不,似,潁,川,空,使,酒,王維,老將行
賀,蘭,山,下,陣,如,雲,王維,老將行
羽,檄,交,馳,日,夕,聞,王維,老將行
節,使,三,河,募,年,少,王維,老將行
詔,書,五,道,出,將,軍,王維,老將行
試,拂,鐵,衣,如,雪,色,王維,老將行
聊,持,寶,劒,動,星,文,王維,老將行
願,得,燕,弓,射,天,將,王維,老將行
恥,令,越,甲,鳴,吳,軍,王維,老將行
莫,嫌,舊,日,雲,中,守,王維,老將行
猶,堪,一,戰,取,功,勳,王維,老將行
漁,舟,逐,水,愛,山,春,王維,桃源行
兩,岸,桃,花,夾,去,津,王維,桃源行
坐,看,紅,樹,不,知,遠,王維,桃源行
行,盡,青,溪,不,見,人,王維,桃源行
山,口,潛,行,始,隈,隩,王維,桃源行
山,開,曠,望,旋,平,陸,王維,桃源行
遙,看,一,處,攢,雲,樹,王維,桃源行
近,入,千,家,散,花,竹,王維,桃源行
樵,客,初,傳,漢,姓,名,王維,桃源行
居,人,未,改,秦,衣,服,王維,桃源行
居,人,共,住,武,陵,源,王維,桃源行
還,從,物,外,起,田,園,王維,桃源行
月,明,松,下,房,櫳,靜,王維,桃源行
日,出,雲,中,雞,犬,喧,王維,桃源行
驚,聞,俗,客,爭,來,集,王維,桃源行
競,引,還,家,問,都,邑,王維,桃源行
平,明,閭,巷,埽,花,開,王維,桃源行
薄,暮,漁,樵,乘,水,入,王維,桃源行
初,因,避,地,去,人,間,王維,桃源行
及,至,成,仙,遂,不,還,王維,桃源行
峽,裏,誰,知,有,人,事,王維,桃源行
世,中,遙,望,空,雲,山,王維,桃源行
不,疑,靈,境,難,聞,見,王維,桃源行
塵,心,未,盡,思,鄉,縣,王維,桃源行
出,洞,無,論,隔,山,水,王維,桃源行
辭,家,終,擬,長,游,衍,王維,桃源行
自,謂,經,過,舊,不,迷,王維,桃源行
安,知,峰,壑,今,來,變,王維,桃源行
當,時,只,記,入,山,深,王維,桃源行
青,溪,幾,曲,到,雲,林,王維,桃源行
春,來,遍,是,桃,花,水,王維,桃源行
不,辨,仙,源,何,處,尋,王維,桃源行
洛,陽,女,兒,對,門,居,王維,洛陽女兒行
纔,可,容,顏,十,五,餘,王維,洛陽女兒行
良,人,玉,勒,乘,驄,馬,王維,洛陽女兒行
侍,女,金,盤,鱠,鯉,魚,王維,洛陽女兒行
畫,閣,朱,樓,盡,相,望,王維,洛陽女兒行
紅,桃,綠,柳,垂,簷,向,王維,洛陽女兒行
羅,幃,送,上,七,香,車,王維,洛陽女兒行
寶,扇,迎,歸,九,華,帳,王維,洛陽女兒行
狂,夫,富,貴,在,青,春,王維,洛陽女兒行
意,氣,驕,奢,劇,季,倫,王維,洛陽女兒行
自,憐,碧,玉,親,教,舞,王維,洛陽女兒行
不,惜,珊,瑚,持,與,人,王維,洛陽女兒行
春,窗,曙,滅,九,微,火,王維,洛陽女兒行
九,微,片,片,飛,花,璅,王維,洛陽女兒行
戲,罷,曾,無,理,曲,時,王維,洛陽女兒行
妝,成,秪,是,薰,香,坐,王維,洛陽女兒行
城,中,相,識,盡,繁,華,王維,洛陽女兒行
日,夜,經,過,趙,李,家,王維,洛陽女兒行
誰,憐,越,女,顏,如,玉,王維,洛陽女兒行
貧,賤,江,頭,自,浣,紗,王維,洛陽女兒行
山,石,犖,確,行,徑,微,韓愈,山石
黃,昏,到,寺,蝙,蝠,飛,韓愈,山石
升,堂,坐,階,新,雨,足,韓愈,山石
芭,蕉,葉,大,支,子,肥,韓愈,山石
僧,言,古,壁,佛,畫,好,韓愈,山石
以,火,來,照,所,見,稀,韓愈,山石
鋪,牀,拂,席,置,羹,飯,韓愈,山石
疎,糲,亦,足,飽,我,飢,韓愈,山石
夜,深,靜,臥,百,蟲,絕,韓愈,山石
清,月,出,嶺,光,入,扉,韓愈,山石
天,明,獨,去,無,道,路,韓愈,山石
出,入,高,下,窮,煙,霏,韓愈,山石
山,紅,澗,碧,紛,爛,漫,韓愈,山石
時,見,松,櫪,皆,十,圍,韓愈,山石
當,流,赤,足,蹋,澗,石,韓愈,山石
水,聲,激,激,風,吹,衣,韓愈,山石
人,生,如,此,自,可,樂,韓愈,山石
豈,必,局,束,爲,人,鞿,韓愈,山石
嗟,哉,吾,黨,二,三,子,韓愈,山石
安,得,至,老,不,更,歸,韓愈,山石
纖,雲,四,卷,天,無,河,韓愈,八月十五夜贈張功曹
清,風,吹,空,月,舒,波,韓愈,八月十五夜贈張功曹
沙,平,水,息,聲,影,絕,韓愈,八月十五夜贈張功曹
一,桮,相,屬,君,當,歌,韓愈,八月十五夜贈張功曹
君,歌,聲,酸,辭,且,苦,韓愈,八月十五夜贈張功曹
不,能,聽,終,淚,如,雨,韓愈,八月十五夜贈張功曹
洞,庭,連,天,九,疑,高,韓愈,八月十五夜贈張功曹
蛟,龍,出,沒,猩,鼯,號,韓愈,八月十五夜贈張功曹
十,生,九,死,到,官,所,韓愈,八月十五夜贈張功曹
幽,居,默,默,如,藏,逃,韓愈,八月十五夜贈張功曹
下,牀,畏,蛇,食,畏,藥,韓愈,八月十五夜贈張功曹
海,氣,濕,蟄,熏,腥,臊,韓愈,八月十五夜贈張功曹
昨,者,州,前,搥,大,鼓,韓愈,八月十五夜贈張功曹
嗣,皇,繼,聖,登,夔,臯,韓愈,八月十五夜贈張功曹
赦,書,一,日,行,萬,里,韓愈,八月十五夜贈張功曹
罪,從,大,辟,皆,除,死,韓愈,八月十五夜贈張功曹
遷,者,追,廻,流,者,還,韓愈,八月十五夜贈張功曹
滌,瑕,蕩,垢,清,朝,班,韓愈,八月十五夜贈張功曹
州,家,申,名,使,家,抑,韓愈,八月十五夜贈張功曹
坎,軻,祗,得,移,荆,蠻,韓愈,八月十五夜贈張功曹
判,司,卑,官,不,堪,說,韓愈,八月十五夜贈張功曹
未,免,捶,楚,塵,埃,間,韓愈,八月十五夜贈張功曹
同,時,輩,流,多,上,道,韓愈,八月十五夜贈張功曹
天,路,幽,險,難,追,攀,韓愈,八月十五夜贈張功曹
君,歌,且,休,聽,我,歌,韓愈,八月十五夜贈張功曹
我,歌,今,與,君,殊,科,韓愈,八月十五夜贈張功曹
五,嶽,祭,秩,皆,三,公,韓愈,謁衡嶽廟遂宿嶽寺題門樓
四,方,環,鎮,嵩,當,中,韓愈,謁衡嶽廟遂宿嶽寺題門樓
火,維,地,荒,足,妖,怪,韓愈,謁衡嶽廟遂宿嶽寺題門樓
天,假,神,柄,專,其,雄,韓愈,謁衡嶽廟遂宿嶽寺題門樓
噴,雲,泄,霧,藏,半,腹,韓愈,謁衡嶽廟遂宿嶽寺題門樓
雖,有,絕,頂,誰,能,窮,韓愈,謁衡嶽廟遂宿嶽寺題門樓
我,來,正,逢,秋,雨,節,韓愈,謁衡嶽廟遂宿嶽寺題門樓
陰,氣,晦,昧,無,清,風,韓愈,謁衡嶽廟遂宿嶽寺題門樓
潛,心,默,禱,若,有,應,韓愈,謁衡嶽廟遂宿嶽寺題門樓
豈,非,正,直,能,感,通,韓愈,謁衡嶽廟遂宿嶽寺題門樓
須,臾,靜,掃,衆,峰,出,韓愈,謁衡嶽廟遂宿嶽寺題門樓
仰,見,突,兀,撐,青,空,韓愈,謁衡嶽廟遂宿嶽寺題門樓
紫,蓋,連,延,接,天,柱,韓愈,謁衡嶽廟遂宿嶽寺題門樓
石,廩,騰,擲,堆,祝,融,韓愈,謁衡嶽廟遂宿嶽寺題門樓
森,然,魄,動,下,馬,拜,韓愈,謁衡嶽廟遂宿嶽寺題門樓
松,柏,一,逕,趨,靈,宮,韓愈,謁衡嶽廟遂宿嶽寺題門樓
粉,牆,丹,柱,動,光,彩,韓愈,謁衡嶽廟遂宿嶽寺題門樓
鬼,物,圖,畫,填,青,紅,韓愈,謁衡嶽廟遂宿嶽寺題門樓
升,階,傴,僂,薦,脯,酒,韓愈,謁衡嶽廟遂宿嶽寺題門樓
欲,以,菲,薄,明,其,衷,韓愈,謁衡嶽廟遂宿嶽寺題門樓
廟,令,老,人,識,神,意,韓愈,謁衡嶽廟遂宿嶽寺題門樓
睢,盱,偵,伺,能,鞠,躬,韓愈,謁衡嶽廟遂宿嶽寺題門樓
手,持,桮,珓,導,我,擲,韓愈,謁衡嶽廟遂宿嶽寺題門樓
云,此,最,吉,餘,難,同,韓愈,謁衡嶽廟遂宿嶽寺題門樓
竄,逐,蠻,荒,幸,不,死,韓愈,謁衡嶽廟遂宿嶽寺題門樓
衣,食,纔,足,甘,長,終,韓愈,謁衡嶽廟遂宿嶽寺題門樓
侯,王,將,相,望,久,絕,韓愈,謁衡嶽廟遂宿嶽寺題門樓
神,縱,欲,福,難,爲,功,韓愈,謁衡嶽廟遂宿嶽寺題門樓
夜,投,佛,寺,上,高,閣,韓愈,謁衡嶽廟遂宿嶽寺題門樓
星,月,掩,暎,雲,朣,朧,韓愈,謁衡嶽廟遂宿嶽寺題門樓
猿,鳴,鐘,動,不,知,曙,韓愈,謁衡嶽廟遂宿嶽寺題門樓
杲,杲,寒,日,生,於,東,韓愈,謁衡嶽廟遂宿嶽寺題門樓
碧,闌,干,外,繡,簾,垂,韓偓,已涼
猩,血,屏,風,畫,折,枝,韓偓,已涼
八,尺,龍,鬚,方,錦,褥,韓偓,已涼
已,涼,天,氣,未,寒,時,韓偓,已涼
洞,房,昨,夜,停,紅,燭,朱慶餘,近試上張籍水部
待,曉,堂,前,拜,舅,姑,朱慶餘,近試上張籍水部
畫,眉,深,淺,入,時,無,朱慶餘,近試上張籍水部
清,時,有,味,是,無,能,杜牧,將赴吳興登樂遊原一絕
閑,愛,孤,雲,靜,愛,僧,杜牧,將赴吳興登樂遊原一絕
欲,把,一,麾,江,海,去,杜牧,將赴吳興登樂遊原一絕
樂,遊,原,上,望,昭,陵,杜牧,將赴吳興登樂遊原一絕
折,戟,沈,沙,鐵,未,銷,杜牧,赤壁
自,將,磨,洗,認,前,朝,杜牧,赤壁
東,風,不,與,周,郎,便,杜牧,赤壁
銅,雀,春,深,鏁,二,喬,杜牧,赤壁
煙,籠,寒,水,月,籠,沙,杜牧,泊秦淮
夜,泊,秦,淮,近,酒,家,杜牧,泊秦淮
商,女,不,知,亡,國,恨,杜牧,泊秦淮
隔,江,猶,唱,後,庭,花,杜牧,泊秦淮
娉,娉,褭,褭,十,三,餘,杜牧,贈別二首 一
豆,蔻,梢,頭,二,月,初,杜牧,贈別二首 一
春,風,十,里,揚,州,路,杜牧,贈別二首 一
卷,上,珠,簾,總,不,如,杜牧,贈別二首 一
多,情,却,似,總,無,情,杜牧,贈別二首 二
唯,覺,尊,前,笑,不,成,杜牧,贈別二首 二
蠟,燭,有,心,還,惜,別,杜牧,贈別二首 二
替,人,垂,淚,到,天,明,杜牧,贈別二首 二
落,魄,江,南,載,酒,行,杜牧,遣懷
楚,腰,腸,斷,掌,中,輕,杜牧,遣懷
十,年,一,覺,揚,州,夢,杜牧,遣懷
贏,得,青,樓,薄,倖,名,杜牧,遣懷
紅,燭,秋,光,冷,畫,屏,杜牧,秋夕
輕,羅,小,扇,撲,流,螢,杜牧,秋夕
天,階,夜,色,涼,如,水,杜牧,秋夕
坐,看,牽,牛,織,女,星,杜牧,秋夕
繁,華,事,散,逐,香,塵,杜牧,金谷園
流,水,無,情,草,自,春,杜牧,金谷園
日,暮,東,風,怨,啼,鳥,杜牧,金谷園
落,花,猶,似,墮,樓,人,杜牧,金谷園
別,夢,依,依,到,謝,家,張泌,寄人 一
小,廊,迴,合,曲,闌,斜,張泌,寄人 一
多,情,只,有,春,庭,月,張泌,寄人 一
猶,爲,離,人,照,落,花,張泌,寄人 一
誓,掃,匈,奴,不,顧,身,陳陶,隴西行四首 二
五,千,貂,錦,喪,胡,塵,陳陶,隴西行四首 二
可,憐,無,定,河,邊,骨,陳陶,隴西行四首 二
猶,是,春,閨,夢,裏,人,陳陶,隴西行四首 二
淚,濕,羅,巾,夢,不,成,白居易,後宮詞
夜,深,前,殿,按,歌,聲,白居易,後宮詞
紅,顏,未,老,恩,先,斷,白居易,後宮詞
斜,倚,薰,籠,坐,到,明,白居易,後宮詞
回,樂,峰,前,沙,似,雪,李益,夜上受降城聞笛
受,降,城,下,月,如,霜,李益,夜上受降城聞笛
不,知,何,處,吹,蘆,管,李益,夜上受降城聞笛
一,夜,征,人,盡,望,鄉,李益,夜上受降城聞笛
生,涯,豈,料,承,優,詔,劉長卿,江州重別薛六柳八二員外
世,事,空,知,學,醉,歌,劉長卿,江州重別薛六柳八二員外
江,上,月,明,胡,鴈,過,劉長卿,江州重別薛六柳八二員外
淮,南,木,落,楚,山,多,劉長卿,江州重別薛六柳八二員外
寄,身,且,喜,滄,洲,近,劉長卿,江州重別薛六柳八二員外
顧,影,無,如,白,髮,何,劉長卿,江州重別薛六柳八二員外
今,日,龍,鍾,人,共,棄,劉長卿,江州重別薛六柳八二員外
媿,君,猶,遣,慎,風,波,劉長卿,江州重別薛六柳八二員外
三,年,謫,宦,此,棲,遲,劉長卿,長沙過賈誼宅
萬,古,惟,留,楚,客,悲,劉長卿,長沙過賈誼宅
秋,草,獨,尋,人,去,後,劉長卿,長沙過賈誼宅
寒,林,空,見,日,斜,時,劉長卿,長沙過賈誼宅
漢,文,有,道,恩,猶,薄,劉長卿,長沙過賈誼宅
湘,水,無,情,弔,豈,知,劉長卿,長沙過賈誼宅
寂,寂,江,山,搖,落,處,劉長卿,長沙過賈誼宅
憐,君,何,事,到,天,涯,劉長卿,長沙過賈誼宅
楚,客,相,思,益,渺,然,劉長卿,自夏口至鸚鵡洲夕望岳陽寄源中丞
漢,口,夕,陽,斜,渡,鳥,劉長卿,自夏口至鸚鵡洲夕望岳陽寄源中丞
洞,庭,秋,水,遠,連,天,劉長卿,自夏口至鸚鵡洲夕望岳陽寄源中丞
孤,城,背,嶺,寒,吹,角,劉長卿,自夏口至鸚鵡洲夕望岳陽寄源中丞
獨,戍,臨,江,夜,泊,船,劉長卿,自夏口至鸚鵡洲夕望岳陽寄源中丞
賈,誼,上,書,憂,漢,室,劉長卿,自夏口至鸚鵡洲夕望岳陽寄源中丞
長,沙,謫,去,古,今,憐,劉長卿,自夏口至鸚鵡洲夕望岳陽寄源中丞
鶯,啼,燕,語,報,新,年,劉長卿,賦得
馬,邑,龍,堆,路,幾,千,劉長卿,賦得
家,住,層,城,臨,漢,苑,劉長卿,賦得
機,中,錦,字,論,長,恨,劉長卿,賦得
樓,上,花,枝,笑,獨,眠,劉長卿,賦得
爲,問,元,戎,竇,車,騎,劉長卿,賦得
何,時,返,斾,勒,燕,然,劉長卿,賦得
漢,文,皇,帝,有,高,臺,崔曙,九日登望仙臺呈劉明府容
此,日,登,臨,曙,色,開,崔曙,九日登望仙臺呈劉明府容
三,晉,雲,山,皆,北,向,崔曙,九日登望仙臺呈劉明府容
二,陵,風,雨,自,東,來,崔曙,九日登望仙臺呈劉明府容
關,門,令,尹,誰,能,識,崔曙,九日登望仙臺呈劉明府容
河,上,仙,翁,去,不,回,崔曙,九日登望仙臺呈劉明府容
且,欲,近,尋,彭,澤,宰,崔曙,九日登望仙臺呈劉明府容
陶,然,共,醉,菊,花,杯,崔曙,九日登望仙臺呈劉明府容
葡,萄,美,酒,夜,光,杯,王翰,涼州詞二首 一
欲,飲,琵,琶,馬,上,催,王翰,涼州詞二首 一
醉,臥,沙,場,君,莫,笑,王翰,涼州詞二首 一
古,來,征,戰,幾,人,回,王翰,涼州詞二首 一
山,寺,鐘,鳴,晝,已,昏,孟浩然,夜歸鹿門山歌
漁,梁,渡,頭,爭,渡,喧,孟浩然,夜歸鹿門山歌
人,隨,沙,路,向,江,村,孟浩然,夜歸鹿門山歌
余,亦,乘,舟,歸,鹿,門,孟浩然,夜歸鹿門山歌
鹿,門,月,照,開,煙,樹,孟浩然,夜歸鹿門山歌
忽,到,龐,公,棲,隱,處,孟浩然,夜歸鹿門山歌
巖,扉,松,徑,長,寂,寥,孟浩然,夜歸鹿門山歌
惟,有,幽,人,夜,來,去,孟浩然,夜歸鹿門山歌
爾,來,四,萬,八,千,歲,李白,蜀道難
不,與,秦,塞,通,人,煙,李白,蜀道難
西,當,太,白,有,鳥,道,李白,蜀道難
可,以,橫,絕,峨,眉,巔,李白,蜀道難
地,崩,山,摧,壯,士,死,李白,蜀道難
猨,猱,欲,度,愁,攀,援,李白,蜀道難
百,步,九,折,縈,巖,巒,李白,蜀道難
捫,參,歷,井,仰,脅,息,李白,蜀道難
以,手,撫,膺,坐,長,歎,李白,蜀道難
問,君,西,遊,何,時,還,李白,蜀道難
畏,途,巉,巖,不,可,攀,李白,蜀道難
但,見,悲,鳥,號,古,木,李白,蜀道難
雄,飛,雌,從,繞,林,間,李白,蜀道難
又,聞,子,規,啼,夜,月,李白,蜀道難
使,人,聽,此,凋,朱,顏,李白,蜀道難
連,峯,去,天,不,盈,尺,李白,蜀道難
枯,松,倒,挂,倚,絕,壁,李白,蜀道難
飛,湍,瀑,流,爭,喧,豗,李白,蜀道難
砅,厓,轉,石,萬,壑,雷,李白,蜀道難
劒,閣,崢,嶸,而,崔,嵬,李白,蜀道難
側,身,西,望,長,咨,嗟,李白,蜀道難
奔,流,到,海,不,復,迴,李白,將進酒
朝,如,青,絲,暮,成,雪,李白,將進酒
人,生,得,意,須,盡,歡,李白,將進酒
莫,使,金,樽,空,對,月,李白,將進酒
天,生,我,材,必,有,用,李白,將進酒
千,金,散,盡,還,復,來,李白,將進酒
烹,羊,宰,牛,且,爲,樂,李白,將進酒
會,須,一,飲,三,百,盃,李白,將進酒
請,君,爲,我,側,耳,聽,李白,將進酒
鐘,鼓,饌,玉,不,足,貴,李白,將進酒
但,願,長,醉,不,願,醒,李白,將進酒
古,來,聖,賢,皆,寂,寞,李白,將進酒
惟,有,飲,者,留,其,名,李白,將進酒
陳,王,昔,時,宴,平,樂,李白,將進酒
斗,酒,十,千,恣,讙,謔,李白,將進酒
主,人,何,爲,言,少,錢,李白,將進酒
徑,須,沽,取,對,君,酌,李白,將進酒
呼,兒,將,出,換,美,酒,李白,將進酒
與,爾,同,銷,萬,古,愁,李白,將進酒
雲,開,遠,見,漢,陽,城,盧綸,晚次鄂州
猶,是,孤,帆,一,日,程,盧綸,晚次鄂州
估,客,晝,眠,知,浪,靜,盧綸,晚次鄂州
舟,人,夜,語,覺,潮,生,盧綸,晚次鄂州
三,湘,衰,鬢,逢,秋,色,盧綸,晚次鄂州
萬,里,歸,心,對,月,明,盧綸,晚次鄂州
舊,業,已,隨,征,戰,盡,盧綸,晚次鄂州
更,堪,江,上,鼓,鼙,聲,盧綸,晚次鄂州
渭,水,自,縈,秦,塞,曲,王維,奉和聖製從蓬萊向興慶閣道中留春雨中春望之作應制
黃,山,舊,遶,漢,宮,斜,王維,奉和聖製從蓬萊向興慶閣道中留春雨中春望之作應制
鑾,輿,迥,出,千,門,柳,王維,奉和聖製從蓬萊向興慶閣道中留春雨中春望之作應制
閣,道,廻,看,上,苑,花,王維,奉和聖製從蓬萊向興慶閣道中留春雨中春望之作應制
雲,裏,帝,城,雙,鳳,闕,王維,奉和聖製從蓬萊向興慶閣道中留春雨中春望之作應制
雨,中,春,樹,萬,人,家,王維,奉和聖製從蓬萊向興慶閣道中留春雨中春望之作應制
爲,乘,陽,氣,行,時,令,王維,奉和聖製從蓬萊向興慶閣道中留春雨中春望之作應制
不,是,宸,遊,玩,物,華,王維,奉和聖製從蓬萊向興慶閣道中留春雨中春望之作應制
絳,幘,雞,人,送,曉,籌,王維,和賈舍人早朝大明宮之作
尚,衣,方,進,翠,雲,裘,王維,和賈舍人早朝大明宮之作
九,天,閶,闔,開,宮,殿,王維,和賈舍人早朝大明宮之作
萬,國,衣,冠,拜,冕,旒,王維,和賈舍人早朝大明宮之作
日,色,纔,臨,仙,掌,動,王維,和賈舍人早朝大明宮之作
香,煙,欲,傍,衮,龍,浮,王維,和賈舍人早朝大明宮之作
朝,罷,須,裁,五,色,詔,王維,和賈舍人早朝大明宮之作
佩,聲,歸,向,鳳,池,頭,王維,和賈舍人早朝大明宮之作
洞,門,高,閣,靄,餘,輝,王維,酬郭給事
桃,李,陰,陰,柳,絮,飛,王維,酬郭給事
禁,裏,疎,鐘,官,舍,晚,王維,酬郭給事
省,中,啼,鳥,吏,人,稀,王維,酬郭給事
晨,搖,玉,佩,趨,金,殿,王維,酬郭給事
夕,奉,天,書,拜,瑣,闈,王維,酬郭給事
強,欲,從,君,無,那,老,王維,酬郭給事
將,因,臥,病,解,朝,衣,王維,酬郭給事
積,雨,空,林,煙,火,遲,王維,積雨輞川莊作
蒸,藜,炊,黍,餉,東,菑,王維,積雨輞川莊作
漠,漠,水,田,飛,白,鷺,王維,積雨輞川莊作
陰,陰,夏,木,囀,黃,鸝,王維,積雨輞川莊作
山,中,習,靜,觀,朝,槿,王維,積雨輞川莊作
松,下,清,齋,折,露,葵,王維,積雨輞川莊作
野,老,與,人,爭,席,罷,王維,積雨輞川莊作
海,鷗,何,事,更,相,疑,王維,積雨輞川莊作
獨,在,異,鄉,爲,異,客,王維,九月九日憶山東兄弟
每,逢,佳,節,倍,思,親,王維,九月九日憶山東兄弟
遙,知,兄,弟,登,高,處,王維,九月九日憶山東兄弟
遍,插,茱,萸,少,一,人,王維,九月九日憶山東兄弟
渭,城,朝,雨,浥,輕,塵,王維,渭城曲
客,舍,青,青,楊,柳,春,王維,渭城曲
勸,君,更,盡,一,杯,酒,王維,渭城曲
西,出,陽,關,無,故,人,王維,渭城曲
直,[,上,],三,十,里,丘爲,尋西山隱者不遇
昔,人,已,乘,白,雲,去,崔顥,黃鶴樓
此,地,空,餘,黃,鶴,樓,崔顥,黃鶴樓
黃,鶴,一,去,不,復,返,崔顥,黃鶴樓
白,雲,千,載,空,悠,悠,崔顥,黃鶴樓
晴,川,歷,歷,漢,陽,樹,崔顥,黃鶴樓
春,草,萋,萋,鸚,鵡,洲,崔顥,黃鶴樓
日,暮,鄉,關,何,處,是,崔顥,黃鶴樓
煙,波,江,上,使,人,愁,崔顥,黃鶴樓
岧,嶤,太,華,俯,咸,京,崔顥,行經華陰
天,外,三,峰,削,不,成,崔顥,行經華陰
武,帝,祠,前,雲,欲,散,崔顥,行經華陰
仙,人,掌,上,雨,初,晴,崔顥,行經華陰
河,山,北,枕,秦,關,險,崔顥,行經華陰
驛,樹,西,連,漢,畤,平,崔顥,行經華陰
借,問,路,傍,名,利,客,崔顥,行經華陰
無,如,此,處,學,長,生,崔顥,行經華陰
燕,臺,一,望,客,心,驚,祖詠,望薊門
簫,鼓,喧,喧,漢,將,營,祖詠,望薊門
萬,里,寒,光,生,積,雪,祖詠,望薊門
三,邊,曙,色,動,危,旌,祖詠,望薊門
沙,場,烽,火,連,胡,月,祖詠,望薊門
海,畔,雲,山,擁,薊,城,祖詠,望薊門
少,小,雖,非,投,筆,吏,祖詠,望薊門
論,功,還,欲,請,長,纓,祖詠,望薊門
白,日,登,山,望,烽,火,李頎,古從軍行
黃,昏,飲,馬,傍,交,河,李頎,古從軍行
行,人,刁,斗,風,沙,暗,李頎,古從軍行
公,主,琵,琶,幽,怨,多,李頎,古從軍行
野,雲,萬,里,無,城,郭,李頎,古從軍行
雨,雪,紛,紛,連,大,漠,李頎,古從軍行
胡,鴈,哀,鳴,夜,夜,飛,李頎,古從軍行
胡,兒,眼,淚,雙,雙,落,李頎,古從軍行
聞,道,玉,門,猶,被,遮,李頎,古從軍行
應,將,性,命,逐,輕,車,李頎,古從軍行
年,年,戰,骨,埋,荒,外,李頎,古從軍行
空,見,蒲,桃,入,漢,家,李頎,古從軍行
主,人,有,酒,歡,今,夕,李頎,琴歌
請,奏,鳴,琴,廣,陵,客,李頎,琴歌
月,照,城,頭,烏,半,飛,李頎,琴歌
霜,淒,萬,樹,風,入,衣,李頎,琴歌
銅,鑪,華,燭,燭,增,輝,李頎,琴歌
初,彈,淥,水,後,楚,妃,李頎,琴歌
一,聲,已,動,物,皆,靜,李頎,琴歌
四,座,無,言,星,欲,稀,李頎,琴歌
清,淮,奉,使,千,餘,里,李頎,琴歌
敢,告,雲,山,從,此,始,李頎,琴歌
四,月,南,風,大,麥,黃,李頎,送陳章甫
棗,花,未,落,桐,陰,長,李頎,送陳章甫
青,山,朝,別,暮,還,見,李頎,送陳章甫
嘶,馬,出,門,思,舊,鄉,李頎,送陳章甫
陳,侯,立,身,何,坦,蕩,李頎,送陳章甫
虬,鬚,虎,眉,仍,大,顙,李頎,送陳章甫
腹,中,貯,書,一,萬,卷,李頎,送陳章甫
不,肯,低,頭,在,草,莽,李頎,送陳章甫
東,門,酤,酒,飲,我,曹,李頎,送陳章甫
心,輕,萬,事,皆,鴻,毛,李頎,送陳章甫
醉,臥,不,知,白,日,暮,李頎,送陳章甫
有,時,空,望,孤,雲,高,李頎,送陳章甫
長,河,浪,頭,連,天,黑,李頎,送陳章甫
津,口,停,舟,渡,不,得,李頎,送陳章甫
鄭,國,遊,人,未,及,家,李頎,送陳章甫
洛,陽,行,子,空,歎,息,李頎,送陳章甫
聞,道,故,林,相,識,多,李頎,送陳章甫
罷,官,昨,日,今,如,何,李頎,送陳章甫
南,山,截,竹,爲,觱,篥,李頎,聽安萬善吹觱篥歌
此,樂,本,自,龜,茲,出,李頎,聽安萬善吹觱篥歌
流,傳,漢,地,曲,轉,奇,李頎,聽安萬善吹觱篥歌
涼,州,胡,人,爲,我,吹,李頎,聽安萬善吹觱篥歌
傍,鄰,聞,者,多,歎,息,李頎,聽安萬善吹觱篥歌
遠,客,思,鄉,皆,淚,垂,李頎,聽安萬善吹觱篥歌
世,人,解,聽,不,解,賞,李頎,聽安萬善吹觱篥歌
長,飆,風,中,自,來,往,李頎,聽安萬善吹觱篥歌
枯,桑,老,柏,寒,颼,飀,李頎,聽安萬善吹觱篥歌
九,雛,鳴,鳳,亂,啾,啾,李頎,聽安萬善吹觱篥歌
龍,吟,虎,嘯,一,時,發,李頎,聽安萬善吹觱篥歌
萬,籟,百,泉,相,與,秋,李頎,聽安萬善吹觱篥歌
忽,然,更,作,漁,陽,摻,李頎,聽安萬善吹觱篥歌
黃,雲,蕭,條,白,日,暗,李頎,聽安萬善吹觱篥歌
變,調,如,聞,楊,柳,春,李頎,聽安萬善吹觱篥歌
上,林,繁,花,照,眼,新,李頎,聽安萬善吹觱篥歌
歲,夜,高,堂,列,明,燭,李頎,聽安萬善吹觱篥歌
美,酒,一,杯,聲,一,曲,李頎,聽安萬善吹觱篥歌
黃,雲,隴,底,白,雪,飛,李頎,古意
未,得,報,恩,不,能,歸,李頎,古意
遼,東,小,婦,年,十,五,李頎,古意
慣,彈,琵,琶,解,歌,舞,李頎,古意
今,爲,羗,笛,出,塞,聲,李頎,古意
使,我,三,軍,淚,如,雨,李頎,古意
蔡,女,昔,造,胡,笳,聲,李頎,聽董大彈胡笳聲兼寄語弄房給事
一,彈,一,十,有,八,拍,李頎,聽董大彈胡笳聲兼寄語弄房給事
胡,人,落,淚,沾,邊,草,李頎,聽董大彈胡笳聲兼寄語弄房給事
漢,使,斷,腸,對,歸,客,李頎,聽董大彈胡笳聲兼寄語弄房給事
古,戍,蒼,蒼,烽,火,寒,李頎,聽董大彈胡笳聲兼寄語弄房給事
大,荒,沈,沈,飛,雪,白,李頎,聽董大彈胡笳聲兼寄語弄房給事
先,拂,商,弦,後,角,羽,李頎,聽董大彈胡笳聲兼寄語弄房給事
四,郊,秋,葉,驚,摵,摵,李頎,聽董大彈胡笳聲兼寄語弄房給事
深,山,竊,聽,來,妖,精,李頎,聽董大彈胡笳聲兼寄語弄房給事
言,遲,更,速,皆,應,手,李頎,聽董大彈胡笳聲兼寄語弄房給事
將,往,復,旋,如,有,情,李頎,聽董大彈胡笳聲兼寄語弄房給事
空,山,百,鳥,散,還,合,李頎,聽董大彈胡笳聲兼寄語弄房給事
萬,里,浮,雲,陰,且,晴,李頎,聽董大彈胡笳聲兼寄語弄房給事
嘶,酸,雛,鴈,失,羣,夜,李頎,聽董大彈胡笳聲兼寄語弄房給事
斷,絕,胡,兒,戀,母,聲,李頎,聽董大彈胡笳聲兼寄語弄房給事
烏,孫,部,落,家,鄉,遠,李頎,聽董大彈胡笳聲兼寄語弄房給事
邏,娑,沙,塵,哀,怨,生,李頎,聽董大彈胡笳聲兼寄語弄房給事
幽,音,變,調,忽,飄,灑,李頎,聽董大彈胡笳聲兼寄語弄房給事
長,風,吹,林,雨,墮,瓦,李頎,聽董大彈胡笳聲兼寄語弄房給事
迸,泉,颯,颯,飛,木,末,李頎,聽董大彈胡笳聲兼寄語弄房給事
野,鹿,呦,呦,走,堂,下,李頎,聽董大彈胡笳聲兼寄語弄房給事
長,安,城,連,東,掖,垣,李頎,聽董大彈胡笳聲兼寄語弄房給事
鳳,凰,池,對,青,瑣,門,李頎,聽董大彈胡笳聲兼寄語弄房給事
高,才,脫,略,名,與,利,李頎,聽董大彈胡笳聲兼寄語弄房給事
日,夕,望,君,抱,琴,至,李頎,聽董大彈胡笳聲兼寄語弄房給事
朝,聞,遊,子,唱,離,歌,李頎,送魏萬之京
昨,夜,微,霜,初,渡,河,李頎,送魏萬之京
鴻,鴈,不,堪,愁,裏,聽,李頎,送魏萬之京
雲,山,況,是,客,中,過,李頎,送魏萬之京
關,城,樹,色,催,寒,近,李頎,送魏萬之京
御,苑,砧,聲,向,晚,多,李頎,送魏萬之京
莫,見,長,安,行,樂,處,李頎,送魏萬之京
空,令,歲,月,易,蹉,跎,李頎,送魏萬之京
秦,時,明,月,漢,時,關,王昌齡,出塞二首 一
萬,里,長,征,人,未,還,王昌齡,出塞二首 一
但,使,龍,城,飛,將,在,王昌齡,出塞二首 一
不,教,胡,馬,度,陰,山,王昌齡,出塞二首 一
昨,夜,風,開,露,井,桃,王昌齡,春宮曲
未,央,前,殿,月,輪,高,王昌齡,春宮曲
平,陽,歌,舞,新,承,寵,王昌齡,春宮曲
簾,外,春,寒,賜,錦,袍,王昌齡,春宮曲
閨,中,少,婦,不,曾,愁,王昌齡,閨怨
春,日,凝,妝,上,翠,樓,王昌齡,閨怨
忽,見,陌,頭,楊,柳,色,王昌齡,閨怨
悔,教,夫,壻,覓,封,侯,王昌齡,閨怨
寒,雨,連,天,夜,入,湖,王昌齡,芙蓉樓送辛漸二首 一
平,明,送,客,楚,山,孤,王昌齡,芙蓉樓送辛漸二首 一
洛,陽,親,友,如,相,問,王昌齡,芙蓉樓送辛漸二首 一
一,片,冰,心,在,玉,壺,王昌齡,芙蓉樓送辛漸二首 一
雲,想,衣,裳,花,想,容,李白,清平調 一
春,風,拂,檻,露,華,濃,李白,清平調 一
若,非,羣,玉,山,頭,見,李白,清平調 一
會,向,瑤,臺,月,下,逢,李白,清平調 一
一,枝,紅,豔,露,凝,香,李白,清平調 二
雲,雨,巫,山,枉,斷,腸,李白,清平調 二
借,問,漢,宮,誰,得,似,李白,清平調 二
可,憐,飛,燕,倚,新,妝,李白,清平調 二
名,花,傾,國,兩,相,歡,李白,清平調 三
常,得,君,王,帶,笑,看,李白,清平調 三
解,得,春,風,無,限,恨,李白,清平調 三
沈,香,亭,北,倚,闌,干,李白,清平調 三
少,小,離,家,老,大,回,黄拱,還鄉偶書  其二
鄉,音,難,改,鬢,毛,衰,黄拱,還鄉偶書  其二
兒,童,相,見,不,相,識,黄拱,還鄉偶書  其二
借,問,客,從,何,處,來,黄拱,還鄉偶書  其二
漢,皇,重,色,思,傾,國,白居易,長恨歌
御,宇,多,年,求,不,得,白居易,長恨歌
楊,家,有,女,初,長,成,白居易,長恨歌
養,在,深,閨,人,未,識,白居易,長恨歌
天,生,麗,質,難,自,棄,白居易,長恨歌
一,朝,選,在,君,王,側,白居易,長恨歌
回,眸,一,笑,百,媚,生,白居易,長恨歌
六,宮,粉,黛,無,顏,色,白居易,長恨歌
春,寒,賜,浴,華,清,池,白居易,長恨歌
溫,泉,水,滑,洗,凝,脂,白居易,長恨歌
侍,兒,扶,起,嬌,無,力,白居易,長恨歌
始,是,新,承,恩,澤,時,白居易,長恨歌
雲,鬢,花,顏,金,步,搖,白居易,長恨歌
芙,蓉,帳,暖,度,春,宵,白居易,長恨歌
春,宵,苦,短,日,高,起,白居易,長恨歌
從,此,君,王,不,早,朝,白居易,長恨歌
承,歡,侍,宴,無,閑,暇,白居易,長恨歌
春,從,春,遊,夜,專,夜,白居易,長恨歌
後,宮,佳,麗,三,千,人,白居易,長恨歌
三,千,寵,愛,在,一,身,白居易,長恨歌
金,屋,妝,成,嬌,侍,夜,白居易,長恨歌
玉,樓,宴,罷,醉,和,春,白居易,長恨歌
姊,妹,弟,兄,皆,列,土,白居易,長恨歌
可,憐,光,彩,生,門,戶,白居易,長恨歌
遂,令,天,下,父,母,心,白居易,長恨歌
不,重,生,男,重,生,女,白居易,長恨歌
驪,宮,高,處,入,青,雲,白居易,長恨歌
仙,樂,風,飄,處,處,聞,白居易,長恨歌
緩,歌,慢,舞,凝,絲,竹,白居易,長恨歌
盡,日,君,王,看,不,足,白居易,長恨歌
漁,陽,鞞,鼓,動,地,來,白居易,長恨歌
驚,破,霓,裳,羽,衣,曲,白居易,長恨歌
九,重,城,闕,煙,塵,生,白居易,長恨歌
千,乘,萬,騎,西,南,行,白居易,長恨歌
翠,華,搖,搖,行,復,止,白居易,長恨歌
西,出,都,門,百,餘,里,白居易,長恨歌
六,軍,不,發,無,奈,何,白居易,長恨歌
宛,轉,蛾,眉,馬,前,死,白居易,長恨歌
花,鈿,委,地,無,人,收,白居易,長恨歌
翠,翹,金,雀,玉,搔,頭,白居易,長恨歌
君,王,掩,面,救,不,得,白居易,長恨歌
回,看,血,淚,相,和,流,白居易,長恨歌
黃,埃,散,漫,風,蕭,索,白居易,長恨歌
雲,棧,縈,紆,登,劒,閣,白居易,長恨歌
峨,嵋,山,下,少,人,行,白居易,長恨歌
旌,旗,無,光,日,色,薄,白居易,長恨歌
蜀,江,水,碧,蜀,山,青,白居易,長恨歌
聖,主,朝,朝,暮,暮,情,白居易,長恨歌
行,宮,見,月,傷,心,色,白居易,長恨歌
夜,雨,聞,鈴,腸,斷,聲,白居易,長恨歌
天,旋,日,轉,迴,龍,馭,白居易,長恨歌
到,此,躊,躇,不,能,去,白居易,長恨歌
馬,嵬,坡,下,泥,土,中,白居易,長恨歌
不,見,玉,顏,空,死,處,白居易,長恨歌
君,臣,相,顧,盡,霑,衣,白居易,長恨歌
東,望,都,門,信,馬,歸,白居易,長恨歌
歸,來,池,苑,皆,依,舊,白居易,長恨歌
太,液,芙,蓉,未,央,柳,白居易,長恨歌
芙,蓉,如,面,柳,如,眉,白居易,長恨歌
對,此,如,何,不,淚,垂,白居易,長恨歌
春,風,桃,李,花,開,夜,白居易,長恨歌
秋,雨,梧,桐,葉,落,時,白居易,長恨歌
西,宮,南,苑,多,秋,草,白居易,長恨歌
宮,葉,滿,階,紅,不,埽,白居易,長恨歌
棃,園,弟,子,白,髮,新,白居易,長恨歌
椒,房,阿,監,青,娥,老,白居易,長恨歌
夕,殿,螢,飛,思,悄,然,白居易,長恨歌
孤,燈,挑,盡,未,成,眠,白居易,長恨歌
遲,遲,鐘,鼓,初,長,夜,白居易,長恨歌
耿,耿,星,河,欲,曙,天,白居易,長恨歌
鴛,鴦,瓦,冷,霜,華,重,白居易,長恨歌
翡,翠,衾,寒,誰,與,共,白居易,長恨歌
悠,悠,生,死,別,經,年,白居易,長恨歌
魂,魄,不,曾,來,入,夢,白居易,長恨歌
臨,邛,道,士,鴻,都,客,白居易,長恨歌
能,以,精,誠,致,魂,魄,白居易,長恨歌
爲,感,君,王,展,轉,思,白居易,長恨歌
遂,教,方,士,殷,勤,覓,白居易,長恨歌
排,空,馭,氣,奔,如,電,白居易,長恨歌
升,天,入,地,求,之,徧,白居易,長恨歌
上,窮,碧,落,下,黃,泉,白居易,長恨歌
兩,處,茫,茫,皆,不,見,白居易,長恨歌
忽,聞,海,上,有,仙,山,白居易,長恨歌
山,在,虛,無,縹,緲,間,白居易,長恨歌
樓,閣,玲,瓏,五,雲,起,白居易,長恨歌
其,中,綽,約,多,仙,子,白居易,長恨歌
中,有,一,人,字,太,真,白居易,長恨歌
雪,膚,花,貌,參,差,是,白居易,長恨歌
金,闕,西,廂,叩,玉,扃,白居易,長恨歌
轉,教,小,玉,報,雙,成,白居易,長恨歌
聞,道,漢,家,天,子,使,白居易,長恨歌
九,華,帳,裏,夢,魂,驚,白居易,長恨歌
攬,衣,推,枕,起,裴,回,白居易,長恨歌
珠,箔,銀,屏,邐,迤,開,白居易,長恨歌
雲,鬢,半,偏,新,睡,覺,白居易,長恨歌
花,冠,不,整,下,堂,來,白居易,長恨歌
風,吹,仙,袂,飄,颻,舉,白居易,長恨歌
猶,似,霓,裳,羽,衣,舞,白居易,長恨歌
玉,容,寂,莫,淚,闌,干,白居易,長恨歌
棃,花,一,枝,春,帶,雨,白居易,長恨歌
含,情,凝,睇,謝,君,王,白居易,長恨歌
一,別,音,容,兩,渺,茫,白居易,長恨歌
昭,陽,殿,裏,恩,愛,絕,白居易,長恨歌
蓬,萊,宮,中,日,月,長,白居易,長恨歌
回,頭,下,望,人,寰,處,白居易,長恨歌
不,見,長,安,見,塵,霧,白居易,長恨歌
唯,將,舊,物,表,深,情,白居易,長恨歌
鈿,合,金,釵,寄,將,去,白居易,長恨歌
釵,留,一,股,合,一,扇,白居易,長恨歌
釵,擘,黃,金,合,分,鈿,白居易,長恨歌
但,教,心,似,金,鈿,堅,白居易,長恨歌
天,上,人,間,會,相,見,白居易,長恨歌
臨,別,殷,勤,重,寄,詞,白居易,長恨歌
詞,中,有,誓,兩,心,知,白居易,長恨歌
七,月,七,日,長,生,殿,白居易,長恨歌
夜,半,無,人,私,語,時,白居易,長恨歌
在,天,願,作,比,翼,鳥,白居易,長恨歌
在,地,願,爲,連,理,枝,白居易,長恨歌
天,長,地,久,有,時,盡,白居易,長恨歌
此,恨,緜,緜,無,絕,期,白居易,長恨歌
潯,陽,江,頭,夜,送,客,白居易,琵琶引
楓,葉,荻,花,秋,索,索,白居易,琵琶引
主,人,下,馬,客,在,船,白居易,琵琶引
舉,酒,欲,飲,無,管,弦,白居易,琵琶引
醉,不,成,歡,慘,將,別,白居易,琵琶引
別,時,茫,茫,江,浸,月,白居易,琵琶引
忽,聞,水,上,琵,琶,聲,白居易,琵琶引
主,人,忘,歸,客,不,發,白居易,琵琶引
尋,聲,暗,問,彈,者,誰,白居易,琵琶引
琵,琶,聲,停,欲,語,遲,白居易,琵琶引
移,船,相,近,邀,相,見,白居易,琵琶引
添,酒,迴,燈,重,開,宴,白居易,琵琶引
千,呼,萬,喚,始,出,來,白居易,琵琶引
猶,抱,琵,琶,半,遮,面,白居易,琵琶引
轉,軸,撥,弦,三,兩,聲,白居易,琵琶引
未,成,曲,調,先,有,情,白居易,琵琶引
弦,弦,掩,抑,聲,聲,思,白居易,琵琶引
似,訴,平,生,不,得,意,白居易,琵琶引
低,眉,信,手,續,續,彈,白居易,琵琶引
說,盡,心,中,無,限,事,白居易,琵琶引
輕,攏,慢,撚,抹,復,挑,白居易,琵琶引
初,爲,霓,裳,後,六,幺,白居易,琵琶引
大,弦,嘈,嘈,如,急,雨,白居易,琵琶引
小,弦,切,切,如,私,語,白居易,琵琶引
嘈,嘈,切,切,錯,雜,彈,白居易,琵琶引
大,珠,小,珠,落,玉,盤,白居易,琵琶引
間,關,鶯,語,花,底,滑,白居易,琵琶引
幽,咽,泉,流,水,下,灘,白居易,琵琶引
水,泉,冷,澀,弦,疑,絕,白居易,琵琶引
疑,絕,不,通,聲,暫,歇,白居易,琵琶引
別,有,幽,愁,暗,恨,生,白居易,琵琶引
此,時,無,聲,勝,有,聲,白居易,琵琶引
銀,缾,乍,破,水,漿,迸,白居易,琵琶引
鐵,騎,突,出,刀,槍,鳴,白居易,琵琶引
曲,終,收,撥,當,心,畫,白居易,琵琶引
四,弦,一,聲,如,裂,帛,白居易,琵琶引
東,舟,西,舫,悄,無,言,白居易,琵琶引
唯,見,江,心,秋,月,白,白居易,琵琶引
沈,吟,放,撥,插,弦,中,白居易,琵琶引
整,頓,衣,裳,起,斂,容,白居易,琵琶引
自,言,本,是,京,城,女,白居易,琵琶引
家,在,蝦,蟇,陵,下,住,白居易,琵琶引
十,三,學,得,琵,琶,成,白居易,琵琶引
名,蜀,教,坊,第,一,部,白居易,琵琶引
曲,罷,曾,教,善,才,伏,白居易,琵琶引
妝,成,每,被,秋,娘,妬,白居易,琵琶引
五,陵,年,少,爭,纏,頭,白居易,琵琶引
一,曲,紅,綃,不,知,數,白居易,琵琶引
鈿,頭,雲,箆,擊,節,碎,白居易,琵琶引
血,色,羅,帬,飜,酒,汙,白居易,琵琶引
今,年,歡,笑,復,明,年,白居易,琵琶引
秋,月,春,風,等,閑,度,白居易,琵琶引
弟,走,從,軍,阿,姨,死,白居易,琵琶引
暮,去,朝,來,顏,色,故,白居易,琵琶引
門,前,冷,落,鞍,馬,稀,白居易,琵琶引
老,大,嫁,作,商,人,婦,白居易,琵琶引
商,人,重,利,輕,別,離,白居易,琵琶引
前,月,浮,梁,買,茶,去,白居易,琵琶引
去,來,江,口,守,空,船,白居易,琵琶引
繞,船,月,明,江,水,寒,白居易,琵琶引
夜,深,忽,夢,少,年,事,白居易,琵琶引
夢,啼,妝,淚,紅,闌,干,白居易,琵琶引
我,聞,琵,琶,已,歎,息,白居易,琵琶引
又,聞,此,語,重,唧,唧,白居易,琵琶引
同,是,天,涯,淪,落,人,白居易,琵琶引
相,逢,何,必,曾,相,識,白居易,琵琶引
我,從,去,年,辭,帝,京,白居易,琵琶引
謫,居,臥,病,潯,陽,城,白居易,琵琶引
潯,陽,小,處,無,音,樂,白居易,琵琶引
終,歲,不,聞,絲,竹,聲,白居易,琵琶引
住,近,湓,江,地,低,濕,白居易,琵琶引
黃,蘆,苦,竹,繞,宅,生,白居易,琵琶引
其,間,旦,暮,聞,何,物,白居易,琵琶引
杜,鵑,啼,血,猨,哀,鳴,白居易,琵琶引
春,江,花,朝,秋,月,夜,白居易,琵琶引
往,往,取,酒,還,獨,傾,白居易,琵琶引
豈,無,山,歌,與,村,笛,白居易,琵琶引
嘔,啞,嘲,哳,難,爲,聽,白居易,琵琶引
今,夜,聞,君,琵,琶,語,白居易,琵琶引
如,聽,仙,樂,耳,暫,明,白居易,琵琶引
莫,辭,更,坐,彈,一,曲,白居易,琵琶引
爲,君,飜,作,琵,琶,行,白居易,琵琶引
感,我,此,言,良,久,立,白居易,琵琶引
却,坐,促,弦,弦,轉,急,白居易,琵琶引
淒,淒,不,似,向,前,聲,白居易,琵琶引
滿,座,重,聞,皆,掩,泣,白居易,琵琶引
座,中,泣,下,誰,最,多,白居易,琵琶引
江,州,司,馬,青,衫,濕,白居易,琵琶引
時,難,年,饑,世,業,空,白居易,自河南經亂關內阻饑兄弟離散各在一處因望月有感聊書所懷寄上浮梁大兄於潛七兄烏江十五兄兼示符離及下邽弟妹
弟,兄,羇,旅,各,西,東,白居易,自河南經亂關內阻饑兄弟離散各在一處因望月有感聊書所懷寄上浮梁大兄於潛七兄烏江十五兄兼示符離及下邽弟妹
田,園,寥,落,干,戈,後,白居易,自河南經亂關內阻饑兄弟離散各在一處因望月有感聊書所懷寄上浮梁大兄於潛七兄烏江十五兄兼示符離及下邽弟妹
骨,肉,流,離,道,路,中,白居易,自河南經亂關內阻饑兄弟離散各在一處因望月有感聊書所懷寄上浮梁大兄於潛七兄烏江十五兄兼示符離及下邽弟妹
弔,影,分,爲,千,里,鴈,白居易,自河南經亂關內阻饑兄弟離散各在一處因望月有感聊書所懷寄上浮梁大兄於潛七兄烏江十五兄兼示符離及下邽弟妹
辭,根,散,作,九,秋,蓬,白居易,自河南經亂關內阻饑兄弟離散各在一處因望月有感聊書所懷寄上浮梁大兄於潛七兄烏江十五兄兼示符離及下邽弟妹
共,看,明,月,應,垂,淚,白居易,自河南經亂關內阻饑兄弟離散各在一處因望月有感聊書所懷寄上浮梁大兄於潛七兄烏江十五兄兼示符離及下邽弟妹
一,夜,鄉,心,五,處,同,白居易,自河南經亂關內阻饑兄弟離散各在一處因望月有感聊書所懷寄上浮梁大兄於潛七兄烏江十五兄兼示符離及下邽弟妹
澹,然,空,水,對,斜,暉,溫庭筠,利州南渡
曲,島,蒼,茫,接,翠,微,溫庭筠,利州南渡
波,上,馬,嘶,看,櫂,去,溫庭筠,利州南渡
柳,邊,人,歇,待,船,歸,溫庭筠,利州南渡
數,叢,沙,草,羣,鷗,散,溫庭筠,利州南渡
萬,頃,江,田,一,鷺,飛,溫庭筠,利州南渡
誰,解,乘,舟,尋,范,蠡,溫庭筠,利州南渡
五,湖,煙,水,獨,忘,機,溫庭筠,利州南渡
冰,簟,銀,牀,夢,不,成,溫庭筠,瑤瑟怨
碧,天,如,水,夜,雲,輕,溫庭筠,瑤瑟怨
雁,聲,遠,過,瀟,湘,去,溫庭筠,瑤瑟怨
十,二,樓,中,月,自,明,溫庭筠,瑤瑟怨
蘇,武,魂,銷,漢,使,前,溫庭筠,蘇武廟
古,祠,高,樹,兩,茫,然,溫庭筠,蘇武廟
雲,邊,雁,斷,胡,天,月,溫庭筠,蘇武廟
隴,上,羊,歸,塞,草,煙,溫庭筠,蘇武廟
廻,日,樓,臺,非,甲,帳,溫庭筠,蘇武廟
去,時,冠,劒,是,丁,年,溫庭筠,蘇武廟
茂,陵,不,見,封,侯,印,溫庭筠,蘇武廟
空,向,秋,波,哭,逝,川,溫庭筠,蘇武廟
蓬,門,未,識,綺,羅,香,秦韜玉,貧女
擬,託,良,媒,益,自,傷,秦韜玉,貧女
誰,愛,風,流,高,格,調,秦韜玉,貧女
共,憐,時,世,儉,梳,妝,秦韜玉,貧女
敢,將,十,指,誇,偏,巧,秦韜玉,貧女
不,把,雙,眉,鬬,畫,長,秦韜玉,貧女
苦,恨,年,年,壓,金,線,秦韜玉,貧女
爲,他,人,作,嫁,衣,裳,秦韜玉,貧女
禁,門,宮,樹,月,痕,過,張祜,贈內人
媚,眼,唯,看,宿,燕,窠,張祜,贈內人
斜,拔,玉,釵,燈,影,畔,張祜,贈內人
剔,開,紅,焰,救,飛,蛾,張祜,贈內人
日,光,斜,照,集,靈,臺,張祜,集靈臺二首 一
紅,樹,花,迎,曉,露,開,張祜,集靈臺二首 一
昨,夜,上,皇,新,授,籙,張祜,集靈臺二首 一
太,真,含,笑,入,簾,來,張祜,集靈臺二首 一
虢,國,夫,人,承,主,恩,張祜,集靈臺二首 二
平,明,騎,馬,入,宮,門,張祜,集靈臺二首 二
却,嫌,脂,粉,汚,顏,色,張祜,集靈臺二首 二
淡,掃,蛾,眉,朝,至,尊,張祜,集靈臺二首 二
金,陵,津,渡,小,山,樓,張祜,題金陵渡
一,宿,行,人,自,可,愁,張祜,題金陵渡
潮,落,夜,江,斜,月,裏,張祜,題金陵渡
兩,三,星,火,是,瓜,州,張祜,題金陵渡
寂,寂,花,時,閉,院,門,朱慶餘,宮詞
美,人,相,並,立,瓊,軒,朱慶餘,宮詞
含,情,欲,說,宮,中,事,朱慶餘,宮詞
鸚,鵡,前,頭,不,敢,言,朱慶餘,宮詞
張,生,手,持,石,鼓,文,韓愈,石鼓歌
勸,我,試,作,石,鼓,歌,韓愈,石鼓歌
少,陵,無,人,謫,仙,死,韓愈,石鼓歌
才,薄,將,奈,石,鼓,何,韓愈,石鼓歌
周,綱,陵,遲,四,海,沸,韓愈,石鼓歌
宣,王,憤,起,揮,天,戈,韓愈,石鼓歌
大,開,明,堂,受,朝,賀,韓愈,石鼓歌
諸,侯,劒,佩,鳴,相,磨,韓愈,石鼓歌
蒐,于,岐,陽,騁,雄,俊,韓愈,石鼓歌
萬,里,禽,獸,皆,遮,羅,韓愈,石鼓歌
鐫,功,勒,成,告,萬,世,韓愈,石鼓歌
鑿,石,作,鼓,隳,嵯,峨,韓愈,石鼓歌
從,臣,才,藝,咸,第,一,韓愈,石鼓歌
揀,選,撰,刻,留,山,阿,韓愈,石鼓歌
雨,淋,日,炙,野,火,燎,韓愈,石鼓歌
鬼,物,守,護,煩,撝,呵,韓愈,石鼓歌
公,從,何,處,得,紙,本,韓愈,石鼓歌
毫,髮,盡,備,無,差,訛,韓愈,石鼓歌
辭,嚴,義,密,讀,難,曉,韓愈,石鼓歌
字,體,不,類,隸,與,科,韓愈,石鼓歌
年,深,豈,免,有,缺,畫,韓愈,石鼓歌
快,劒,斫,斷,生,蛟,鼉,韓愈,石鼓歌
鸞,翔,鳳,翥,衆,僊,下,韓愈,石鼓歌
珊,瑚,碧,樹,交,枝,柯,韓愈,石鼓歌
金,繩,鐵,索,鎖,紐,壯,韓愈,石鼓歌
古,鼎,躍,水,龍,騰,梭,韓愈,石鼓歌
陋,儒,編,詩,不,收,入,韓愈,石鼓歌
二,雅,褊,迫,無,委,蛇,韓愈,石鼓歌
孔,子,西,行,不,到,秦,韓愈,石鼓歌
掎,摭,星,宿,遺,羲,娥,韓愈,石鼓歌
嗟,予,好,古,生,苦,晚,韓愈,石鼓歌
對,此,涕,淚,雙,滂,沱,韓愈,石鼓歌
憶,昔,初,蒙,博,士,徴,韓愈,石鼓歌
其,年,始,改,稱,元,和,韓愈,石鼓歌
故,人,從,軍,在,右,輔,韓愈,石鼓歌
爲,我,度,量,掘,臼,科,韓愈,石鼓歌
濯,冠,沐,浴,告,祭,酒,韓愈,石鼓歌
如,此,至,寶,存,豈,多,韓愈,石鼓歌
氊,包,席,裹,可,立,致,韓愈,石鼓歌
十,鼓,祗,載,數,駱,駝,韓愈,石鼓歌
薦,諸,太,廟,比,郜,鼎,韓愈,石鼓歌
光,價,豈,止,百,倍,過,韓愈,石鼓歌
聖,恩,若,許,留,太,學,韓愈,石鼓歌
諸,生,講,解,得,切,磋,韓愈,石鼓歌
觀,經,鴻,都,尚,填,咽,韓愈,石鼓歌
坐,見,舉,國,來,奔,波,韓愈,石鼓歌
剜,苔,剔,蘚,露,節,角,韓愈,石鼓歌
安,置,妥,帖,平,不,頗,韓愈,石鼓歌
大,廈,深,簷,與,蓋,覆,韓愈,石鼓歌
經,歷,久,遠,期,無,佗,韓愈,石鼓歌
中,朝,大,官,老,於,事,韓愈,石鼓歌
詎,肯,感,激,徒,媕,婀,韓愈,石鼓歌
牧,童,敲,火,牛,礪,角,韓愈,石鼓歌
誰,復,著,手,爲,摩,挲,韓愈,石鼓歌
日,銷,月,鑠,就,埋,沒,韓愈,石鼓歌
六,年,西,顧,空,吟,哦,韓愈,石鼓歌
羲,之,俗,書,趁,姿,媚,韓愈,石鼓歌
數,紙,尚,可,博,白,鵝,韓愈,石鼓歌
繼,周,八,代,爭,戰,罷,韓愈,石鼓歌
無,人,收,拾,理,則,那,韓愈,石鼓歌
方,今,太,平,日,無,事,韓愈,石鼓歌
柄,任,儒,術,崇,丘,軻,韓愈,石鼓歌
安,能,以,此,上,論,列,韓愈,石鼓歌
願,借,辨,口,如,懸,河,韓愈,石鼓歌
石,鼓,之,歌,止,於,此,韓愈,石鼓歌
嗚,呼,吾,意,其,蹉,跎,韓愈,石鼓歌
桂,魄,初,生,秋,露,微,王涯,秋夜曲
輕,羅,已,薄,未,更,衣,王涯,秋夜曲
銀,箏,夜,久,殷,勤,弄,王涯,秋夜曲
心,怯,空,房,不,忍,歸,王涯,秋夜曲
城,上,高,樓,接,大,荒,柳宗元,登柳州城樓寄漳汀封連四州
海,天,愁,思,正,茫,茫,柳宗元,登柳州城樓寄漳汀封連四州
驚,風,亂,颭,芙,蓉,水,柳宗元,登柳州城樓寄漳汀封連四州
密,雨,斜,侵,薜,荔,牆,柳宗元,登柳州城樓寄漳汀封連四州
嶺,樹,重,遮,千,里,目,柳宗元,登柳州城樓寄漳汀封連四州
江,流,曲,似,九,廻,腸,柳宗元,登柳州城樓寄漳汀封連四州
共,來,百,越,文,身,地,柳宗元,登柳州城樓寄漳汀封連四州
猶,自,音,書,滯,一,鄉,柳宗元,登柳州城樓寄漳汀封連四州
漁,翁,夜,傍,西,巖,宿,柳宗元,漁翁
曉,汲,清,湘,燃,楚,竹,柳宗元,漁翁
煙,銷,日,出,不,見,人,柳宗元,漁翁
迴,看,天,際,下,中,流,柳宗元,漁翁
巖,上,無,心,雲,相,逐,柳宗元,漁翁
丞,相,祠,堂,何,處,尋,杜甫,蜀相
錦,官,城,外,柏,森,森,杜甫,蜀相
映,堦,碧,草,自,春,色,杜甫,蜀相
隔,葉,黃,鸝,空,好,音,杜甫,蜀相
三,顧,頻,煩,天,下,計,杜甫,蜀相
兩,朝,開,濟,老,臣,心,杜甫,蜀相
出,師,未,捷,身,先,死,杜甫,蜀相
長,使,英,雄,淚,滿,襟,杜甫,蜀相
舍,南,舍,北,皆,春,水,杜甫,客至
但,見,羣,鷗,日,日,來,杜甫,客至
花,徑,不,曾,緣,客,掃,杜甫,客至
蓬,門,今,始,爲,君,開,杜甫,客至
盤,餐,市,遠,無,兼,味,杜甫,客至
樽,酒,家,貧,只,舊,醅,杜甫,客至
肯,與,鄰,翁,相,對,飲,杜甫,客至
隔,籬,呼,取,盡,餘,桮,杜甫,客至
西,山,白,雪,三,奇,戍,杜甫,野望
南,浦,清,江,萬,里,橋,杜甫,野望
海,內,風,塵,諸,弟,隔,杜甫,野望
天,涯,涕,淚,一,身,遙,杜甫,野望
唯,將,遲,暮,供,多,病,杜甫,野望
未,有,涓,埃,荅,聖,朝,杜甫,野望
跨,馬,出,郊,時,極,目,杜甫,野望
不,堪,人,事,日,蕭,條,杜甫,野望
劒,外,忽,傳,收,薊,北,杜甫,聞官軍收河南河北
初,聞,涕,淚,滿,衣,裳,杜甫,聞官軍收河南河北
却,看,妻,子,愁,何,在,杜甫,聞官軍收河南河北
漫,卷,詩,書,喜,欲,狂,杜甫,聞官軍收河南河北
白,日,放,歌,須,縱,酒,杜甫,聞官軍收河南河北
青,春,作,伴,好,還,鄉,杜甫,聞官軍收河南河北
即,從,巴,峽,穿,巫,峽,杜甫,聞官軍收河南河北
便,下,襄,陽,向,洛,陽,杜甫,聞官軍收河南河北
風,急,天,高,猨,嘯,哀,杜甫,登高
渚,清,沙,白,鳥,飛,迴,杜甫,登高
無,邊,落,木,蕭,蕭,下,杜甫,登高
不,盡,長,江,衮,衮,來,杜甫,登高
萬,里,悲,秋,常,作,客,杜甫,登高
百,年,多,病,獨,登,臺,杜甫,登高
艱,難,苦,恨,繁,霜,鬢,杜甫,登高
潦,倒,新,停,濁,酒,桮,杜甫,登高
花,近,高,樓,傷,客,心,杜甫,登樓
萬,方,多,難,此,登,臨,杜甫,登樓
錦,江,春,色,來,天,地,杜甫,登樓
玉,壘,浮,雲,變,古,今,杜甫,登樓
北,極,朝,廷,終,不,改,杜甫,登樓
西,山,寇,盜,莫,相,侵,杜甫,登樓
可,憐,後,主,還,祠,廟,杜甫,登樓
日,暮,聊,爲,梁,甫,吟,杜甫,登樓
清,秋,幕,府,井,梧,寒,杜甫,宿府
獨,宿,江,城,蠟,炬,殘,杜甫,宿府
永,夜,角,聲,悲,自,語,杜甫,宿府
中,天,月,色,好,誰,看,杜甫,宿府
風,塵,荏,苒,音,書,絕,杜甫,宿府
關,塞,蕭,條,行,路,難,杜甫,宿府
已,忍,伶,俜,十,年,事,杜甫,宿府
強,移,栖,息,一,枝,安,杜甫,宿府
歲,暮,陰,陽,催,短,景,杜甫,閣夜
天,涯,霜,雪,霽,寒,宵,杜甫,閣夜
五,更,鼓,角,聲,悲,壯,杜甫,閣夜
三,峽,星,河,影,動,搖,杜甫,閣夜
野,哭,幾,家,聞,戰,伐,杜甫,閣夜
夷,歌,數,處,起,漁,樵,杜甫,閣夜
臥,龍,躍,馬,終,黃,土,杜甫,閣夜
人,事,依,依,漫,寂,寥,杜甫,閣夜
支,離,東,北,風,塵,際,杜甫,詠懷古跡五首 一
漂,泊,西,南,天,地,間,杜甫,詠懷古跡五首 一
三,峽,樓,臺,淹,日,月,杜甫,詠懷古跡五首 一
五,溪,衣,服,共,雲,山,杜甫,詠懷古跡五首 一
羯,胡,事,主,終,無,賴,杜甫,詠懷古跡五首 一
詞,客,衰,時,且,未,還,杜甫,詠懷古跡五首 一
庾,信,平,生,最,蕭,瑟,杜甫,詠懷古跡五首 一
暮,年,詩,賦,動,江,關,杜甫,詠懷古跡五首 一
搖,落,深,知,宋,玉,悲,杜甫,詠懷古跡五首 二
風,流,儒,雅,亦,吾,師,杜甫,詠懷古跡五首 二
悵,望,千,秋,一,灑,淚,杜甫,詠懷古跡五首 二
蕭,條,異,代,不,同,時,杜甫,詠懷古跡五首 二
江,山,故,宅,空,文,藻,杜甫,詠懷古跡五首 二
雲,雨,荒,臺,豈,夢,思,杜甫,詠懷古跡五首 二
最,是,楚,宮,俱,泯,滅,杜甫,詠懷古跡五首 二
舟,人,指,點,到,今,疑,杜甫,詠懷古跡五首 二
羣,山,萬,壑,赴,荆,門,杜甫,詠懷古跡五首 三
生,長,明,妃,尚,有,村,杜甫,詠懷古跡五首 三
一,去,紫,臺,連,朔,漠,杜甫,詠懷古跡五首 三
獨,留,青,塚,向,黃,昏,杜甫,詠懷古跡五首 三
畫,圖,省,識,春,風,面,杜甫,詠懷古跡五首 三
環,佩,空,歸,月,夜,魂,杜甫,詠懷古跡五首 三
千,載,琵,琶,作,胡,語,杜甫,詠懷古跡五首 三
分,明,怨,恨,曲,中,論,杜甫,詠懷古跡五首 三
蜀,主,窺,吳,幸,三,峽,杜甫,詠懷古跡五首 四
崩,年,亦,在,永,安,宮,杜甫,詠懷古跡五首 四
翠,華,想,像,空,山,裏,杜甫,詠懷古跡五首 四
玉,殿,虛,無,野,寺,中,杜甫,詠懷古跡五首 四
古,廟,杉,松,巢,水,鶴,杜甫,詠懷古跡五首 四
歲,時,伏,臘,走,村,翁,杜甫,詠懷古跡五首 四
武,侯,祠,屋,常,鄰,近,杜甫,詠懷古跡五首 四
一,體,君,臣,祭,祀,同,杜甫,詠懷古跡五首 四
諸,葛,大,名,垂,宇,宙,杜甫,詠懷古跡五首 五
宗,臣,遺,像,肅,清,高,杜甫,詠懷古跡五首 五
三,分,割,據,紆,籌,策,杜甫,詠懷古跡五首 五
萬,古,雲,霄,一,羽,毛,杜甫,詠懷古跡五首 五
伯,仲,之,間,見,伊,呂,杜甫,詠懷古跡五首 五
指,揮,若,定,失,蕭,曹,杜甫,詠懷古跡五首 五
福,移,漢,祚,難,恢,復,杜甫,詠懷古跡五首 五
志,決,身,殲,軍,務,勞,杜甫,詠懷古跡五首 五
歧,王,宅,裏,尋,常,見,杜甫,江南逢李龜年
崔,九,堂,前,幾,度,聞,杜甫,江南逢李龜年
正,是,江,南,好,風,景,杜甫,江南逢李龜年
落,花,時,節,又,逢,君,杜甫,江南逢李龜年
虢,國,夫,人,承,主,恩,杜甫,虢國夫人
平,明,上,馬,入,宮,門,杜甫,虢國夫人
却,嫌,脂,粉,涴,顏,色,杜甫,虢國夫人
澹,埽,蛾,眉,朝,至,尊,杜甫,虢國夫人
嗟,君,此,別,意,何,如,高適,送李少府貶峽中王少府貶長沙
駐,馬,銜,桮,問,謫,居,高適,送李少府貶峽中王少府貶長沙
巫,峽,啼,猿,數,行,淚,高適,送李少府貶峽中王少府貶長沙
衡,陽,歸,雁,幾,封,書,高適,送李少府貶峽中王少府貶長沙
青,楓,江,上,秋,天,遠,高適,送李少府貶峽中王少府貶長沙
白,帝,城,邊,古,木,疎,高適,送李少府貶峽中王少府貶長沙
聖,代,即,今,多,雨,露,高適,送李少府貶峽中王少府貶長沙
暫,時,分,手,莫,躊,躇,高適,送李少府貶峽中王少府貶長沙
行,人,弓,箭,各,在,腰,杜甫,兵車行
耶,孃,妻,子,走,相,送,杜甫,兵車行
塵,埃,不,見,咸,陽,橋,杜甫,兵車行
牽,衣,頓,足,闌,道,哭,杜甫,兵車行
哭,聲,直,上,干,雲,霄,杜甫,兵車行
道,傍,過,者,問,行,人,杜甫,兵車行
行,人,但,云,點,行,頻,杜甫,兵車行
或,從,十,五,北,防,河,杜甫,兵車行
便,至,四,十,西,營,田,杜甫,兵車行
去,時,里,正,與,裹,頭,杜甫,兵車行
歸,來,頭,白,還,戍,邊,杜甫,兵車行
邊,亭,流,血,成,海,水,杜甫,兵車行
武,皇,開,邊,意,未,已,杜甫,兵車行
千,村,萬,落,生,荆,杞,杜甫,兵車行
縱,有,健,婦,把,鋤,犂,杜甫,兵車行
禾,生,隴,畝,無,東,西,杜甫,兵車行
況,復,秦,兵,耐,苦,戰,杜甫,兵車行
被,驅,不,異,犬,與,雞,杜甫,兵車行
生,女,猶,是,嫁,比,鄰,杜甫,兵車行
生,男,埋,沒,隨,百,草,杜甫,兵車行
古,來,白,骨,無,人,收,杜甫,兵車行
新,鬼,煩,冤,舊,鬼,哭,杜甫,兵車行
天,陰,雨,濕,聲,啾,啾,杜甫,兵車行
三,月,三,日,天,氣,新,杜甫,麗人行
長,安,水,邊,多,麗,人,杜甫,麗人行
態,濃,意,遠,淑,且,真,杜甫,麗人行
肌,理,細,膩,骨,肉,勻,杜甫,麗人行
繡,羅,衣,裳,照,暮,春,杜甫,麗人行
蹙,金,孔,雀,銀,麒,麟,杜甫,麗人行
翠,微,㔩,葉,垂,鬢,脣,杜甫,麗人行
珠,壓,腰,衱,穩,稱,身,杜甫,麗人行
就,中,雲,幕,椒,房,親,杜甫,麗人行
賜,名,大,國,虢,與,秦,杜甫,麗人行
紫,駝,之,峰,出,翠,釜,杜甫,麗人行
水,精,之,盤,行,素,鱗,杜甫,麗人行
犀,箸,厭,飫,久,未,下,杜甫,麗人行
鑾,刀,縷,切,空,紛,綸,杜甫,麗人行
黃,門,飛,鞚,不,動,塵,杜甫,麗人行
御,廚,絡,繹,送,八,珍,杜甫,麗人行
簫,鼓,哀,吟,感,鬼,神,杜甫,麗人行
賓,從,雜,遝,實,要,津,杜甫,麗人行
後,來,鞍,馬,何,逡,巡,杜甫,麗人行
當,軒,下,馬,入,錦,茵,杜甫,麗人行
楊,花,雪,落,覆,白,蘋,杜甫,麗人行
青,鳥,飛,去,銜,紅,巾,杜甫,麗人行
炙,手,可,熱,勢,絕,倫,杜甫,麗人行
慎,莫,近,前,丞,相,嗔,杜甫,麗人行
少,陵,野,老,吞,聲,哭,杜甫,哀江頭
春,日,潛,行,曲,江,曲,杜甫,哀江頭
江,頭,宮,殿,鎖,千,門,杜甫,哀江頭
細,柳,新,蒲,爲,誰,綠,杜甫,哀江頭
憶,昔,霓,旌,下,南,苑,杜甫,哀江頭
苑,中,萬,物,生,顏,色,杜甫,哀江頭
昭,陽,殿,裏,第,一,人,杜甫,哀江頭
同,輦,隨,君,侍,君,側,杜甫,哀江頭
輦,前,才,人,帶,弓,箭,杜甫,哀江頭
白,馬,嚼,齧,黃,金,勒,杜甫,哀江頭
翻,身,向,天,仰,射,雲,杜甫,哀江頭
一,箭,正,墜,雙,飛,翼,杜甫,哀江頭
明,眸,皓,齒,今,何,在,杜甫,哀江頭
血,污,遊,魂,歸,不,得,杜甫,哀江頭
清,渭,東,流,劒,閣,深,杜甫,哀江頭
去,住,彼,此,無,消,息,杜甫,哀江頭
人,生,有,情,淚,霑,臆,杜甫,哀江頭
江,水,江,花,豈,終,極,杜甫,哀江頭
黃,昏,胡,騎,塵,滿,城,杜甫,哀江頭
欲,往,城,南,忘,南,北,杜甫,哀江頭
長,安,城,頭,頭,白,烏,杜甫,哀王孫
夜,飛,延,秋,門,上,呼,杜甫,哀王孫
又,向,人,家,啄,大,屋,杜甫,哀王孫
屋,底,達,官,走,避,胡,杜甫,哀王孫
金,鞭,斷,折,九,馬,死,杜甫,哀王孫
骨,肉,不,待,同,馳,驅,杜甫,哀王孫
腰,下,實,玦,青,珊,瑚,杜甫,哀王孫
可,憐,王,孫,泣,路,隅,杜甫,哀王孫
問,之,不,肯,道,姓,名,杜甫,哀王孫
但,道,困,苦,乞,爲,奴,杜甫,哀王孫
已,經,百,日,竄,荆,棘,杜甫,哀王孫
身,上,無,有,完,肌,膚,杜甫,哀王孫
高,帝,子,孫,盡,隆,準,杜甫,哀王孫
龍,種,自,與,常,人,殊,杜甫,哀王孫
豺,狼,在,邑,龍,在,野,杜甫,哀王孫
王,孫,善,保,千,金,軀,杜甫,哀王孫
不,敢,長,語,臨,交,衢,杜甫,哀王孫
且,爲,王,孫,立,斯,須,杜甫,哀王孫
昨,夜,東,風,吹,血,腥,杜甫,哀王孫
東,來,橐,駝,滿,舊,都,杜甫,哀王孫
朔,方,健,兒,好,身,手,杜甫,哀王孫
昔,何,勇,銳,今,何,愚,杜甫,哀王孫
竊,聞,天,子,已,傳,位,杜甫,哀王孫
賢,德,北,服,南,單,于,杜甫,哀王孫
花,門,剺,面,請,雪,恥,杜甫,哀王孫
慎,勿,出,口,他,人,狙,杜甫,哀王孫
哀,哉,王,孫,慎,勿,疎,杜甫,哀王孫
五,陵,佳,氣,無,時,無,杜甫,哀王孫
國,初,已,來,畫,鞍,馬,杜甫,韋諷錄事宅觀曹將軍畫馬圖
神,妙,獨,數,江,都,王,杜甫,韋諷錄事宅觀曹將軍畫馬圖
將,軍,得,名,三,十,載,杜甫,韋諷錄事宅觀曹將軍畫馬圖
人,間,又,見,真,乘,黃,杜甫,韋諷錄事宅觀曹將軍畫馬圖
曾,貌,先,帝,照,夜,白,杜甫,韋諷錄事宅觀曹將軍畫馬圖
龍,池,十,日,飛,霹,靂,杜甫,韋諷錄事宅觀曹將軍畫馬圖
內,府,殷,紅,馬,腦,盌,杜甫,韋諷錄事宅觀曹將軍畫馬圖
倢,伃,傳,詔,才,人,索,杜甫,韋諷錄事宅觀曹將軍畫馬圖
盌,賜,將,軍,拜,舞,歸,杜甫,韋諷錄事宅觀曹將軍畫馬圖
輕,紈,細,綺,相,追,飛,杜甫,韋諷錄事宅觀曹將軍畫馬圖
貴,戚,權,門,得,筆,跡,杜甫,韋諷錄事宅觀曹將軍畫馬圖
始,覺,屏,障,生,光,輝,杜甫,韋諷錄事宅觀曹將軍畫馬圖
昔,日,太,宗,拳,毛,騧,杜甫,韋諷錄事宅觀曹將軍畫馬圖
近,時,郭,家,師,子,花,杜甫,韋諷錄事宅觀曹將軍畫馬圖
今,之,新,圖,有,二,馬,杜甫,韋諷錄事宅觀曹將軍畫馬圖
復,令,識,者,久,歎,嗟,杜甫,韋諷錄事宅觀曹將軍畫馬圖
此,皆,騎,戰,一,敵,萬,杜甫,韋諷錄事宅觀曹將軍畫馬圖
縞,素,漠,漠,開,風,沙,杜甫,韋諷錄事宅觀曹將軍畫馬圖
其,餘,七,匹,亦,殊,絕,杜甫,韋諷錄事宅觀曹將軍畫馬圖
迥,若,寒,空,動,煙,雪,杜甫,韋諷錄事宅觀曹將軍畫馬圖
霜,蹄,蹴,踏,長,楸,間,杜甫,韋諷錄事宅觀曹將軍畫馬圖
馬,官,廝,養,森,成,列,杜甫,韋諷錄事宅觀曹將軍畫馬圖
可,憐,九,馬,爭,神,駿,杜甫,韋諷錄事宅觀曹將軍畫馬圖
顧,視,清,高,氣,深,穩,杜甫,韋諷錄事宅觀曹將軍畫馬圖
借,問,苦,心,愛,者,誰,杜甫,韋諷錄事宅觀曹將軍畫馬圖
後,有,韋,諷,前,支,遁,杜甫,韋諷錄事宅觀曹將軍畫馬圖
憶,昔,巡,幸,新,豐,宮,杜甫,韋諷錄事宅觀曹將軍畫馬圖
翠,華,拂,天,來,向,東,杜甫,韋諷錄事宅觀曹將軍畫馬圖
騰,驤,磊,落,三,萬,匹,杜甫,韋諷錄事宅觀曹將軍畫馬圖
皆,與,此,圖,筋,骨,同,杜甫,韋諷錄事宅觀曹將軍畫馬圖
自,從,獻,寶,朝,河,宗,杜甫,韋諷錄事宅觀曹將軍畫馬圖
無,復,射,蛟,江,水,中,杜甫,韋諷錄事宅觀曹將軍畫馬圖
龍,媒,去,盡,鳥,呼,風,杜甫,韋諷錄事宅觀曹將軍畫馬圖
將,軍,魏,武,之,子,孫,杜甫,丹青引贈曹將軍霸
於,今,爲,庶,爲,清,門,杜甫,丹青引贈曹將軍霸
英,雄,割,據,雖,已,矣,杜甫,丹青引贈曹將軍霸
文,彩,風,流,猶,尚,存,杜甫,丹青引贈曹將軍霸
學,書,初,學,衛,夫,人,杜甫,丹青引贈曹將軍霸
但,恨,無,過,王,右,軍,杜甫,丹青引贈曹將軍霸
丹,青,不,知,老,將,至,杜甫,丹青引贈曹將軍霸
富,貴,於,我,如,浮,雲,杜甫,丹青引贈曹將軍霸
開,元,之,中,常,引,見,杜甫,丹青引贈曹將軍霸
承,恩,數,上,南,熏,殿,杜甫,丹青引贈曹將軍霸
凌,煙,功,臣,少,顏,色,杜甫,丹青引贈曹將軍霸
將,軍,下,筆,開,生,面,杜甫,丹青引贈曹將軍霸
良,相,頭,上,進,賢,冠,杜甫,丹青引贈曹將軍霸
猛,將,腰,間,大,羽,箭,杜甫,丹青引贈曹將軍霸
先,帝,天,馬,玉,花,驄,杜甫,丹青引贈曹將軍霸
畫,工,如,山,貌,不,同,杜甫,丹青引贈曹將軍霸
是,日,牽,來,赤,墀,下,杜甫,丹青引贈曹將軍霸
迥,立,閶,闔,生,長,風,杜甫,丹青引贈曹將軍霸
詔,謂,將,軍,拂,絹,素,杜甫,丹青引贈曹將軍霸
意,匠,慘,澹,經,營,中,杜甫,丹青引贈曹將軍霸
斯,須,九,重,真,龍,出,杜甫,丹青引贈曹將軍霸
一,洗,萬,古,凡,馬,空,杜甫,丹青引贈曹將軍霸
玉,花,却,在,御,榻,上,杜甫,丹青引贈曹將軍霸
榻,上,庭,前,屹,相,向,杜甫,丹青引贈曹將軍霸
至,尊,含,笑,催,賜,金,杜甫,丹青引贈曹將軍霸
圉,人,太,僕,皆,惆,悵,杜甫,丹青引贈曹將軍霸
弟,子,韓,幹,早,入,室,杜甫,丹青引贈曹將軍霸
亦,能,畫,馬,窮,殊,相,杜甫,丹青引贈曹將軍霸
幹,惟,畫,肉,不,畫,骨,杜甫,丹青引贈曹將軍霸
忍,使,驊,騮,氣,凋,喪,杜甫,丹青引贈曹將軍霸
將,軍,畫,善,蓋,有,神,杜甫,丹青引贈曹將軍霸
必,逢,佳,士,亦,寫,真,杜甫,丹青引贈曹將軍霸
即,今,飄,泊,干,戈,際,杜甫,丹青引贈曹將軍霸
屢,貌,尋,常,行,路,人,杜甫,丹青引贈曹將軍霸
途,窮,反,遭,俗,眼,白,杜甫,丹青引贈曹將軍霸
世,上,未,有,如,公,貧,杜甫,丹青引贈曹將軍霸
但,看,古,來,盛,名,下,杜甫,丹青引贈曹將軍霸
終,日,坎,壈,纏,其,身,杜甫,丹青引贈曹將軍霸
今,我,不,樂,思,岳,陽,杜甫,寄韓諫議
身,欲,奮,飛,病,在,牀,杜甫,寄韓諫議
美,人,娟,娟,隔,秋,水,杜甫,寄韓諫議
濯,足,洞,庭,望,八,荒,杜甫,寄韓諫議
鴻,飛,冥,冥,日,月,白,杜甫,寄韓諫議
青,楓,葉,赤,天,雨,霜,杜甫,寄韓諫議
玉,京,羣,帝,集,北,斗,杜甫,寄韓諫議
或,騎,騏,驎,翳,鳳,皇,杜甫,寄韓諫議
芙,蓉,旌,旗,煙,霧,樂,杜甫,寄韓諫議
影,動,倒,景,搖,瀟,湘,杜甫,寄韓諫議
星,宮,之,君,醉,瓊,漿,杜甫,寄韓諫議
羽,人,稀,少,不,在,旁,杜甫,寄韓諫議
似,聞,昨,者,赤,松,子,杜甫,寄韓諫議
恐,是,漢,代,韓,張,良,杜甫,寄韓諫議
昔,隨,劉,氏,定,長,安,杜甫,寄韓諫議
帷,幄,未,改,神,慘,傷,杜甫,寄韓諫議
國,家,成,敗,吾,豈,敢,杜甫,寄韓諫議
色,難,腥,腐,餐,風,香,杜甫,寄韓諫議
周,南,留,滯,古,所,惜,杜甫,寄韓諫議
南,極,老,人,應,壽,昌,杜甫,寄韓諫議
美,人,胡,爲,隔,秋,水,杜甫,寄韓諫議
焉,得,置,之,貢,玉,堂,杜甫,寄韓諫議
孔,明,廟,前,有,老,柏,杜甫,古柏行
柯,如,青,銅,根,如,石,杜甫,古柏行
霜,皮,溜,雨,四,十,圍,杜甫,古柏行
黛,色,參,天,二,千,尺,杜甫,古柏行
君,臣,已,與,時,際,會,杜甫,古柏行
樹,木,猶,爲,人,愛,惜,杜甫,古柏行
雲,來,氣,接,巫,峽,長,杜甫,古柏行
月,出,寒,通,雪,山,白,杜甫,古柏行
憶,昨,路,繞,錦,亭,東,杜甫,古柏行
先,主,武,侯,同,閟,宮,杜甫,古柏行
崔,嵬,枝,幹,郊,原,古,杜甫,古柏行
窈,窕,丹,青,戶,牖,空,杜甫,古柏行
落,落,盤,踞,雖,得,地,杜甫,古柏行
冥,冥,孤,高,多,烈,風,杜甫,古柏行
扶,持,自,是,神,明,力,杜甫,古柏行
正,直,原,因,造,化,功,杜甫,古柏行
大,廈,如,傾,要,梁,棟,杜甫,古柏行
萬,牛,回,首,丘,山,重,杜甫,古柏行
不,露,文,章,世,已,驚,杜甫,古柏行
未,辭,剪,伐,誰,能,送,杜甫,古柏行
苦,心,豈,免,容,螻,蟻,杜甫,古柏行
香,葉,終,經,宿,鸞,鳳,杜甫,古柏行
志,士,幽,人,莫,怨,嗟,杜甫,古柏行
古,來,材,大,難,爲,用,杜甫,古柏行
昔,有,佳,人,公,孫,氏,杜甫,觀公孫大娘弟子舞劒器行
一,舞,劒,氣,動,四,方,杜甫,觀公孫大娘弟子舞劒器行
觀,者,如,山,色,沮,喪,杜甫,觀公孫大娘弟子舞劒器行
天,地,爲,之,久,低,昂,杜甫,觀公孫大娘弟子舞劒器行
㸌,如,羿,射,九,日,落,杜甫,觀公孫大娘弟子舞劒器行
矯,如,羣,帝,驂,龍,翔,杜甫,觀公孫大娘弟子舞劒器行
來,如,雷,霆,收,震,怒,杜甫,觀公孫大娘弟子舞劒器行
罷,如,江,海,凝,清,光,杜甫,觀公孫大娘弟子舞劒器行
絳,脣,珠,袖,兩,寂,莫,杜甫,觀公孫大娘弟子舞劒器行
況,有,弟,子,傳,芬,芳,杜甫,觀公孫大娘弟子舞劒器行
臨,潁,美,人,在,白,帝,杜甫,觀公孫大娘弟子舞劒器行
妙,舞,此,曲,神,揚,揚,杜甫,觀公孫大娘弟子舞劒器行
與,余,問,答,既,有,以,杜甫,觀公孫大娘弟子舞劒器行
感,時,撫,事,增,惋,傷,杜甫,觀公孫大娘弟子舞劒器行
先,帝,侍,女,八,千,人,杜甫,觀公孫大娘弟子舞劒器行
公,孫,劒,器,初,第,一,杜甫,觀公孫大娘弟子舞劒器行
五,十,年,間,似,反,掌,杜甫,觀公孫大娘弟子舞劒器行
風,塵,傾,動,昏,王,室,杜甫,觀公孫大娘弟子舞劒器行
棃,園,子,弟,散,如,煙,杜甫,觀公孫大娘弟子舞劒器行
女,樂,餘,姿,映,寒,日,杜甫,觀公孫大娘弟子舞劒器行
金,粟,堆,南,木,已,拱,杜甫,觀公孫大娘弟子舞劒器行
瞿,唐,石,城,草,蕭,瑟,杜甫,觀公孫大娘弟子舞劒器行
玳,筵,急,管,曲,復,終,杜甫,觀公孫大娘弟子舞劒器行
樂,極,哀,來,月,東,出,杜甫,觀公孫大娘弟子舞劒器行
老,夫,不,知,其,所,往,杜甫,觀公孫大娘弟子舞劒器行
足,繭,荒,山,轉,愁,疾,杜甫,觀公孫大娘弟子舞劒器行
別,夢,依,依,到,謝,家,張佖,寄人二首  其一
小,廊,迴,合,曲,闌,斜,張佖,寄人二首  其一
多,情,只,有,春,庭,月,張佖,寄人二首  其一
猶,爲,離,人,照,落,花,張佖,寄人二首  其一
秦,時,明,月,漢,時,關,不詳,雜曲歌辭 蓋羅縫 一
萬,里,征,人,尚,未,還,不詳,雜曲歌辭 蓋羅縫 一
但,願,龍,庭,神,將,在,不詳,雜曲歌辭 蓋羅縫 一
不,教,胡,馬,渡,陰,山,不詳,雜曲歌辭 蓋羅縫 一
迴,樂,峰,前,沙,似,雪,楊敬述進,雜曲歌辭 婆羅門
受,降,城,外,月,如,霜,楊敬述進,雜曲歌辭 婆羅門
不,知,何,處,吹,蘆,管,楊敬述進,雜曲歌辭 婆羅門
一,夜,征,人,盡,望,鄉,楊敬述進,雜曲歌辭 婆羅門
雲,想,衣,裳,花,想,容,李白,雜曲歌辭 清平調 一
春,風,拂,檻,露,華,濃,李白,雜曲歌辭 清平調 一
若,非,羣,玉,山,頭,見,李白,雜曲歌辭 清平調 一
會,向,瑤,臺,月,下,逢,李白,雜曲歌辭 清平調 一
一,枝,紅,豔,露,凝,香,李白,雜曲歌辭 清平調 二
雲,雨,巫,山,枉,斷,腸,李白,雜曲歌辭 清平調 二
借,問,漢,宮,誰,得,似,李白,雜曲歌辭 清平調 二
可,憐,飛,燕,倚,新,妝,李白,雜曲歌辭 清平調 二
名,花,傾,國,兩,相,歡,李白,雜曲歌辭 清平調 三
長,得,君,王,帶,笑,看,李白,雜曲歌辭 清平調 三
解,釋,春,風,無,限,恨,李白,雜曲歌辭 清平調 三
沈,香,亭,北,倚,闌,干,李白,雜曲歌辭 清平調 三
謂,城,朝,雨,浥,輕,塵,王維,雜曲歌辭 渭城曲
客,舍,青,青,柳,色,春,王維,雜曲歌辭 渭城曲
勸,君,更,盡,一,杯,酒,王維,雜曲歌辭 渭城曲
西,出,陽,關,無,故,人,王維,雜曲歌辭 渭城曲
勸,君,莫,惜,金,縷,衣,不詳,雜曲歌辭 金縷衣
勸,君,惜,取,少,年,時,不詳,雜曲歌辭 金縷衣
花,開,堪,折,直,須,折,不詳,雜曲歌辭 金縷衣
莫,待,無,花,空,折,枝,不詳,雜曲歌辭 金縷衣
西,晉,樓,船,下,益,州,劉禹錫,西塞山懷古
金,陵,王,氣,黯,然,收,劉禹錫,西塞山懷古
千,尋,鐵,鎖,沈,江,底,劉禹錫,西塞山懷古
一,片,降,旛,出,石,頭,劉禹錫,西塞山懷古
人,世,幾,回,傷,往,事,劉禹錫,西塞山懷古
山,形,依,舊,枕,江,流,劉禹錫,西塞山懷古
今,逢,四,海,爲,家,日,劉禹錫,西塞山懷古
故,壘,蕭,蕭,蘆,荻,秋,劉禹錫,西塞山懷古
朱,雀,橋,邊,野,草,花,劉禹錫,金陵五題 烏衣巷
烏,衣,巷,口,夕,陽,斜,劉禹錫,金陵五題 烏衣巷
舊,時,王,謝,堂,前,燕,劉禹錫,金陵五題 烏衣巷
飛,入,尋,常,百,姓,家,劉禹錫,金陵五題 烏衣巷
新,妝,面,面,下,朱,樓,劉禹錫,和樂天春詞
深,鎖,春,光,一,院,愁,劉禹錫,和樂天春詞
行,到,中,庭,數,花,朵,劉禹錫,和樂天春詞
蜻,蜓,飛,上,玉,搔,頭,劉禹錫,和樂天春詞
隠,隠,飛,橋,隔,野,煙,蔡襄,度南澗
石,磯,西,畔,問,漁,船,蔡襄,度南澗
桃,花,盡,日,隨,流,水,蔡襄,度南澗
洞,在,清,溪,何,處,邊,蔡襄,度南澗
二,月,黃,鶯,飛,上,林,錢起,贈闕下裴舍人
春,城,紫,禁,曉,陰,陰,錢起,贈闕下裴舍人
長,樂,鐘,聲,花,外,盡,錢起,贈闕下裴舍人
龍,池,柳,色,雨,中,深,錢起,贈闕下裴舍人
陽,和,不,散,窮,途,恨,錢起,贈闕下裴舍人
霄,漢,長,懷,捧,日,新,錢起,贈闕下裴舍人
獻,賦,十,年,猶,未,遇,錢起,贈闕下裴舍人
羞,將,白,髮,對,華,簪,錢起,贈闕下裴舍人
日,[,晏,],猶,得,眠,元結,賊退示官吏
夏,水,欲,滿,君,山,青,元結,石魚湖上醉歌
酒,徒,歷,歷,坐,洲,島,元結,石魚湖上醉歌
長,風,連,日,作,大,浪,元結,石魚湖上醉歌
不,能,廢,人,運,酒,舫,元結,石魚湖上醉歌
我,持,長,瓢,坐,巴,丘,元結,石魚湖上醉歌
酌,飲,四,坐,以,散,愁,元結,石魚湖上醉歌
月,落,烏,啼,霜,滿,天,張繼,楓橋夜泊
江,楓,漁,父,對,愁,眠,張繼,楓橋夜泊
姑,蘇,城,外,寒,山,寺,張繼,楓橋夜泊
夜,半,鐘,聲,到,客,船,張繼,楓橋夜泊
仙,臺,下,見,五,城,樓,韓翃,同題仙游觀
風,物,淒,淒,宿,雨,收,韓翃,同題仙游觀
山,色,遙,連,秦,樹,晚,韓翃,同題仙游觀
砧,聲,近,報,漢,宮,秋,韓翃,同題仙游觀
疎,松,影,落,空,壇,靜,韓翃,同題仙游觀
細,草,香,閑,小,洞,幽,韓翃,同題仙游觀
何,用,別,尋,方,外,去,韓翃,同題仙游觀
人,間,亦,自,有,丹,丘,韓翃,同題仙游觀
春,城,無,處,不,飛,花,韓翃,寒食
寒,食,東,風,御,柳,斜,韓翃,寒食
日,暮,漢,宮,傳,蠟,燭,韓翃,寒食
輕,煙,散,入,五,侯,家,韓翃,寒食
去,年,花,裏,逢,君,別,韋應物,寄李儋元錫
今,日,花,開,已,一,年,韋應物,寄李儋元錫
世,事,茫,茫,難,自,料,韋應物,寄李儋元錫
春,愁,黯,黯,獨,成,眠,韋應物,寄李儋元錫
身,多,疾,病,思,田,里,韋應物,寄李儋元錫
邑,有,流,亡,愧,俸,錢,韋應物,寄李儋元錫
聞,道,欲,來,相,問,訊,韋應物,寄李儋元錫
西,樓,望,月,幾,廻,圓,韋應物,寄李儋元錫
獨,憐,幽,草,澗,邊,生,韋應物,滁州西澗
上,有,黃,鸝,深,樹,鳴,韋應物,滁州西澗
春,潮,帶,雨,晚,來,急,韋應物,滁州西澗
野,渡,無,人,舟,自,橫,韋應物,滁州西澗
北,風,捲,地,白,草,折,岑參,白雪歌送武判官歸京
胡,天,八,月,即,飛,雪,岑參,白雪歌送武判官歸京
忽,然,一,夜,春,風,來,岑參,白雪歌送武判官歸京
千,樹,萬,樹,梨,花,開,岑參,白雪歌送武判官歸京
散,入,珠,簾,濕,羅,幕,岑參,白雪歌送武判官歸京
狐,裘,不,煖,錦,衾,薄,岑參,白雪歌送武判官歸京
將,軍,角,弓,不,得,控,岑參,白雪歌送武判官歸京
都,護,鐵,衣,冷,難,着,岑參,白雪歌送武判官歸京
瀚,海,闌,干,百,丈,冰,岑參,白雪歌送武判官歸京
愁,雲,黲,淡,萬,里,凝,岑參,白雪歌送武判官歸京
中,軍,置,酒,飲,歸,客,岑參,白雪歌送武判官歸京
胡,琴,琵,琶,與,羌,笛,岑參,白雪歌送武判官歸京
紛,紛,暮,雪,下,轅,門,岑參,白雪歌送武判官歸京
風,掣,紅,旗,凍,不,翻,岑參,白雪歌送武判官歸京
輪,臺,東,門,送,君,去,岑參,白雪歌送武判官歸京
去,時,雪,滿,天,山,路,岑參,白雪歌送武判官歸京
山,迴,路,轉,不,見,君,岑參,白雪歌送武判官歸京
雪,上,空,留,馬,行,處,岑參,白雪歌送武判官歸京
輪,臺,城,頭,夜,吹,角,岑參,輪臺歌奉送封大夫出師西征
輪,臺,城,北,旄,頭,落,岑參,輪臺歌奉送封大夫出師西征
羽,書,昨,夜,過,渠,黎,岑參,輪臺歌奉送封大夫出師西征
單,于,已,在,金,山,西,岑參,輪臺歌奉送封大夫出師西征
戍,樓,西,望,煙,塵,黑,岑參,輪臺歌奉送封大夫出師西征
漢,兵,屯,在,輪,臺,北,岑參,輪臺歌奉送封大夫出師西征
上,將,擁,旄,西,出,征,岑參,輪臺歌奉送封大夫出師西征
平,明,吹,笛,大,軍,行,岑參,輪臺歌奉送封大夫出師西征
四,邊,伐,鼓,雪,海,湧,岑參,輪臺歌奉送封大夫出師西征
三,軍,大,呼,陰,山,動,岑參,輪臺歌奉送封大夫出師西征
虜,塞,兵,氣,連,雲,屯,岑參,輪臺歌奉送封大夫出師西征
戰,場,白,骨,纏,草,根,岑參,輪臺歌奉送封大夫出師西征
劒,河,風,急,雪,片,闊,岑參,輪臺歌奉送封大夫出師西征
沙,口,石,凍,馬,蹄,脫,岑參,輪臺歌奉送封大夫出師西征
亞,相,勤,王,甘,苦,辛,岑參,輪臺歌奉送封大夫出師西征
誓,將,報,主,靜,邊,塵,岑參,輪臺歌奉送封大夫出師西征
古,來,青,史,誰,不,見,岑參,輪臺歌奉送封大夫出師西征
今,見,功,名,勝,古,人,岑參,輪臺歌奉送封大夫出師西征
平,沙,莽,莽,黃,入,天,岑參,走馬川行奉送出師西征
輪,臺,九,月,風,夜,吼,岑參,走馬川行奉送出師西征
一,川,碎,石,大,如,斗,岑參,走馬川行奉送出師西征
隨,風,滿,地,石,亂,走,岑參,走馬川行奉送出師西征
匈,奴,草,黃,馬,正,肥,岑參,走馬川行奉送出師西征
金,山,西,見,煙,塵,飛,岑參,走馬川行奉送出師西征
漢,家,大,將,西,出,師,岑參,走馬川行奉送出師西征
將,軍,金,甲,夜,不,脫,岑參,走馬川行奉送出師西征
半,夜,軍,行,戈,相,撥,岑參,走馬川行奉送出師西征
風,頭,如,刀,面,如,割,岑參,走馬川行奉送出師西征
馬,毛,帶,雪,汗,氣,蒸,岑參,走馬川行奉送出師西征
五,花,連,錢,旋,作,冰,岑參,走馬川行奉送出師西征
幕,中,草,檄,硯,水,凝,岑參,走馬川行奉送出師西征
虜,騎,聞,之,應,膽,懾,岑參,走馬川行奉送出師西征
料,知,短,兵,不,敢,接,岑參,走馬川行奉送出師西征
車,師,西,門,佇,獻,捷,岑參,走馬川行奉送出師西征
雞,鳴,紫,陌,曙,光,寒,岑參,奉和中書舍人賈至早朝大明宮
鶯,囀,皇,州,春,色,闌,岑參,奉和中書舍人賈至早朝大明宮
金,闕,曉,鐘,開,萬,戶,岑參,奉和中書舍人賈至早朝大明宮
玉,階,仙,仗,擁,千,官,岑參,奉和中書舍人賈至早朝大明宮
花,迎,劒,珮,星,初,落,岑參,奉和中書舍人賈至早朝大明宮
柳,拂,旌,旗,露,未,乾,岑參,奉和中書舍人賈至早朝大明宮
獨,有,鳳,皇,池,上,客,岑參,奉和中書舍人賈至早朝大明宮
陽,春,一,曲,和,皆,難,岑參,奉和中書舍人賈至早朝大明宮
故,園,東,望,路,漫,漫,岑參,逢入京使
雙,袖,龍,鍾,淚,不,乾,岑參,逢入京使
馬,上,相,逢,無,紙,筆,岑參,逢入京使
憑,君,傳,語,報,平,安,岑參,逢入京使
金,樽,清,酒,斗,十,千,李白,行路難三首 一
玉,盤,珍,羞,直,萬,錢,李白,行路難三首 一
停,杯,投,筯,不,能,食,李白,行路難三首 一
拔,劒,四,顧,心,茫,然,李白,行路難三首 一
欲,渡,黃,河,冰,塞,川,李白,行路難三首 一
將,登,太,行,雪,滿,山,李白,行路難三首 一
閑,來,垂,釣,碧,溪,上,李白,行路難三首 一
忽,復,乘,舟,夢,日,邊,李白,行路難三首 一
長,風,破,浪,會,有,時,李白,行路難三首 一
直,挂,雲,帆,濟,滄,海,李白,行路難三首 一
羞,逐,長,安,社,中,兒,李白,行路難三首 二
赤,雞,白,狗,賭,梨,栗,李白,行路難三首 二
彈,劒,作,歌,奏,苦,聲,李白,行路難三首 二
曳,裾,王,門,不,稱,情,李白,行路難三首 二
淮,陰,市,井,笑,韓,信,李白,行路難三首 二
漢,朝,公,卿,忌,賈,生,李白,行路難三首 二
擁,篲,折,節,無,嫌,猜,李白,行路難三首 二
劇,辛,樂,毅,感,恩,分,李白,行路難三首 二
輸,肝,剖,膽,效,英,才,李白,行路難三首 二
昭,王,白,骨,縈,爛,草,李白,行路難三首 二
誰,人,更,掃,黃,金,臺,李白,行路難三首 二
有,耳,莫,洗,潁,川,水,李白,行路難三首 三
有,口,莫,食,首,陽,蕨,李白,行路難三首 三
含,光,混,世,貴,無,名,李白,行路難三首 三
何,用,孤,高,比,雲,月,李白,行路難三首 三
吾,觀,自,古,賢,達,人,李白,行路難三首 三
功,成,不,退,皆,殞,身,李白,行路難三首 三
子,胥,既,棄,吳,江,上,李白,行路難三首 三
屈,原,終,投,湘,水,濱,李白,行路難三首 三
陸,機,雄,才,豈,自,保,李白,行路難三首 三
李,斯,稅,駕,苦,不,早,李白,行路難三首 三
華,亭,鶴,唳,詎,可,聞,李白,行路難三首 三
上,蔡,蒼,鷹,何,足,道,李白,行路難三首 三
秋,風,忽,憶,江,東,行,李白,行路難三首 三
且,樂,生,前,一,杯,酒,李白,行路難三首 三
何,須,身,後,千,載,名,李白,行路難三首 三
絡,緯,秋,啼,金,井,闌,李白,長相思
微,霜,淒,淒,簟,色,寒,李白,長相思
孤,燈,不,明,思,欲,絕,李白,長相思
卷,帷,望,月,空,長,歎,李白,長相思
美,人,如,花,隔,雲,端,李白,長相思
上,有,青,冥,之,長,天,李白,長相思
下,有,淥,水,之,波,瀾,李白,長相思
天,長,路,遠,魂,飛,苦,李白,長相思
夢,魂,不,到,關,山,難,李白,長相思
[,戍,],客,望,邊,色,李白,關山月
雲,想,衣,裳,花,想,容,李白,清平調詞三首 一
春,風,拂,檻,露,華,濃,李白,清平調詞三首 一
若,非,羣,玉,山,頭,見,李白,清平調詞三首 一
會,向,瑤,臺,月,下,逢,李白,清平調詞三首 一
一,枝,穠,豔,露,凝,香,李白,清平調詞三首 二
雲,雨,巫,山,枉,斷,腸,李白,清平調詞三首 二
借,問,漢,宮,誰,得,似,李白,清平調詞三首 二
可,憐,飛,燕,倚,新,妝,李白,清平調詞三首 二
五,嶽,尋,仙,不,辭,遠,李白,廬山謠寄盧侍御虛舟
一,生,好,入,名,山,遊,李白,廬山謠寄盧侍御虛舟
廬,山,秀,出,南,斗,傍,李白,廬山謠寄盧侍御虛舟
屏,風,九,疊,雲,錦,張,李白,廬山謠寄盧侍御虛舟
影,落,明,湖,青,黛,光,李白,廬山謠寄盧侍御虛舟
金,闕,前,開,二,峰,長,李白,廬山謠寄盧侍御虛舟
銀,河,倒,挂,三,石,梁,李白,廬山謠寄盧侍御虛舟
香,爐,瀑,布,遙,相,望,李白,廬山謠寄盧侍御虛舟
迴,厓,沓,嶂,凌,蒼,蒼,李白,廬山謠寄盧侍御虛舟
翠,影,紅,霞,映,朝,日,李白,廬山謠寄盧侍御虛舟
鳥,飛,不,到,吳,天,長,李白,廬山謠寄盧侍御虛舟
登,高,壯,觀,天,地,間,李白,廬山謠寄盧侍御虛舟
大,江,茫,茫,去,不,還,李白,廬山謠寄盧侍御虛舟
黃,雲,萬,里,動,風,色,李白,廬山謠寄盧侍御虛舟
白,波,九,道,流,雪,山,李白,廬山謠寄盧侍御虛舟
閑,窺,石,鏡,清,我,心,李白,廬山謠寄盧侍御虛舟
謝,公,行,處,蒼,苔,沒,李白,廬山謠寄盧侍御虛舟
早,服,還,丹,無,世,情,李白,廬山謠寄盧侍御虛舟
琴,心,三,疊,道,初,成,李白,廬山謠寄盧侍御虛舟
遙,見,仙,人,綵,雲,裏,李白,廬山謠寄盧侍御虛舟
手,把,芙,蓉,朝,玉,京,李白,廬山謠寄盧侍御虛舟
先,期,汗,漫,九,垓,上,李白,廬山謠寄盧侍御虛舟
願,接,盧,敖,遊,太,清,李白,廬山謠寄盧侍御虛舟
煙,濤,微,茫,信,難,求,李白,夢遊天姥吟留別
雲,霓,明,滅,或,可,覩,李白,夢遊天姥吟留別
天,姥,連,天,向,天,橫,李白,夢遊天姥吟留別
勢,拔,五,嶽,掩,赤,城,李白,夢遊天姥吟留別
天,台,四,萬,八,千,丈,李白,夢遊天姥吟留別
對,此,欲,倒,東,南,傾,李白,夢遊天姥吟留別
我,欲,因,之,夢,吳,越,李白,夢遊天姥吟留別
一,夜,飛,度,鏡,湖,月,李白,夢遊天姥吟留別
謝,公,宿,處,今,尚,在,李白,夢遊天姥吟留別
淥,水,蕩,漾,清,猨,啼,李白,夢遊天姥吟留別
千,巖,萬,轉,路,不,定,李白,夢遊天姥吟留別
迷,花,倚,石,忽,已,暝,李白,夢遊天姥吟留別
熊,咆,龍,吟,殷,巖,泉,李白,夢遊天姥吟留別
慄,深,林,兮,驚,層,巔,李白,夢遊天姥吟留別
青,冥,浩,蕩,不,見,底,李白,夢遊天姥吟留別
日,月,照,耀,金,銀,臺,李白,夢遊天姥吟留別
霓,爲,衣,兮,風,爲,馬,李白,夢遊天姥吟留別
虎,鼓,瑟,兮,鸞,迴,車,李白,夢遊天姥吟留別
仙,之,人,兮,列,如,麻,李白,夢遊天姥吟留別
世,間,行,樂,亦,如,此,李白,夢遊天姥吟留別
古,來,萬,事,東,流,水,李白,夢遊天姥吟留別
別,君,去,時,何,時,還,李白,夢遊天姥吟留別
且,放,白,鹿,青,崖,間,李白,夢遊天姥吟留別
須,行,即,騎,訪,名,山,李白,夢遊天姥吟留別
使,我,不,得,開,心,顏,李白,夢遊天姥吟留別
風,吹,柳,花,滿,店,香,李白,金陵酒肆留別
吳,姬,壓,酒,喚,客,嘗,李白,金陵酒肆留別
金,陵,子,弟,來,相,送,李白,金陵酒肆留別
欲,行,不,行,各,盡,觴,李白,金陵酒肆留別
請,君,試,問,東,流,水,李白,金陵酒肆留別
別,意,與,之,誰,短,長,李白,金陵酒肆留別
故,人,西,辭,黃,鶴,樓,李白,黃鶴樓送孟浩然之廣陵
煙,花,三,月,下,揚,州,李白,黃鶴樓送孟浩然之廣陵
孤,帆,遠,影,碧,山,盡,李白,黃鶴樓送孟浩然之廣陵
唯,見,長,江,天,際,流,李白,黃鶴樓送孟浩然之廣陵
長,風,萬,里,送,秋,雁,李白,宣州謝朓樓餞別校書叔雲
對,此,可,以,酣,高,樓,李白,宣州謝朓樓餞別校書叔雲
蓬,萊,文,章,建,安,骨,李白,宣州謝朓樓餞別校書叔雲
中,間,小,謝,又,清,發,李白,宣州謝朓樓餞別校書叔雲
俱,懷,逸,興,壯,思,飛,李白,宣州謝朓樓餞別校書叔雲
欲,上,青,天,覽,日,月,李白,宣州謝朓樓餞別校書叔雲
抽,刀,斷,水,水,更,流,李白,宣州謝朓樓餞別校書叔雲
舉,杯,銷,愁,愁,更,愁,李白,宣州謝朓樓餞別校書叔雲
人,生,在,世,不,稱,意,李白,宣州謝朓樓餞別校書叔雲
明,朝,散,髮,弄,扁,舟,李白,宣州謝朓樓餞別校書叔雲
鳳,凰,臺,上,鳳,凰,遊,李白,登金陵鳳凰臺
鳳,去,臺,空,江,自,流,李白,登金陵鳳凰臺
吳,宮,花,草,埋,幽,徑,李白,登金陵鳳凰臺
晉,代,衣,冠,成,古,丘,李白,登金陵鳳凰臺
三,山,半,落,青,天,外,李白,登金陵鳳凰臺
二,水,中,分,白,鷺,洲,李白,登金陵鳳凰臺
總,爲,浮,雲,能,蔽,日,李白,登金陵鳳凰臺
長,安,不,見,使,人,愁,李白,登金陵鳳凰臺
朝,辭,白,帝,彩,雲,間,李白,早發白帝城
千,里,江,陵,一,日,還,李白,早發白帝城
兩,岸,猨,聲,啼,不,盡,李白,早發白帝城
輕,舟,已,過,萬,重,山,李白,早發白帝城
漢,家,煙,塵,在,東,北,高適,相和歌辭 燕歌行
漢,將,辭,家,破,殘,賊,高適,相和歌辭 燕歌行
男,兒,本,自,重,橫,行,高適,相和歌辭 燕歌行
天,子,非,常,賜,顏,色,高適,相和歌辭 燕歌行
摐,金,伐,鼓,下,榆,關,高適,相和歌辭 燕歌行
旌,旗,逶,迤,碣,石,間,高適,相和歌辭 燕歌行
校,尉,羽,書,飛,瀚,海,高適,相和歌辭 燕歌行
單,于,獵,火,照,狼,山,高適,相和歌辭 燕歌行
山,川,蕭,條,極,邊,土,高適,相和歌辭 燕歌行
胡,騎,憑,凌,雜,風,雨,高適,相和歌辭 燕歌行
戰,士,軍,前,半,死,生,高適,相和歌辭 燕歌行
美,人,帳,下,猶,歌,舞,高適,相和歌辭 燕歌行
大,漠,窮,秋,塞,草,衰,高適,相和歌辭 燕歌行
孤,城,落,日,鬬,兵,稀,高適,相和歌辭 燕歌行
身,當,恩,遇,常,輕,敵,高適,相和歌辭 燕歌行
力,盡,關,山,未,解,圍,高適,相和歌辭 燕歌行
鐵,衣,遠,戍,辛,勤,久,高適,相和歌辭 燕歌行
玉,箸,應,啼,別,離,後,高適,相和歌辭 燕歌行
少,婦,城,南,欲,斷,腸,高適,相和歌辭 燕歌行
征,人,薊,北,空,回,首,高適,相和歌辭 燕歌行
邊,風,飄,飄,那,可,度,高適,相和歌辭 燕歌行
絕,域,蒼,茫,更,何,有,高適,相和歌辭 燕歌行
殺,氣,三,日,作,陣,雲,高適,相和歌辭 燕歌行
寒,聲,一,夜,傳,刁,斗,高適,相和歌辭 燕歌行
相,看,白,刃,血,紛,紛,高適,相和歌辭 燕歌行
死,節,從,來,豈,顧,勳,高適,相和歌辭 燕歌行
至,今,猶,憶,李,將,軍,高適,相和歌辭 燕歌行
白,日,登,山,望,烽,火,李頎,相和歌辭 從軍行
昏,黃,飲,馬,傍,交,河,李頎,相和歌辭 從軍行
行,人,刁,斗,風,砂,暗,李頎,相和歌辭 從軍行
公,主,琵,琶,幽,怨,多,李頎,相和歌辭 從軍行
野,營,萬,里,無,城,郭,李頎,相和歌辭 從軍行
雨,雪,紛,紛,連,大,漠,李頎,相和歌辭 從軍行
胡,雁,哀,鳴,夜,夜,飛,李頎,相和歌辭 從軍行
胡,兒,眼,淚,雙,雙,落,李頎,相和歌辭 從軍行
聞,道,玉,門,猶,被,遮,李頎,相和歌辭 從軍行
應,將,性,命,逐,輕,車,李頎,相和歌辭 從軍行
年,年,戰,骨,埋,荒,外,李頎,相和歌辭 從軍行
空,見,蒲,萄,入,漢,家,李頎,相和歌辭 從軍行
爾,來,四,萬,八,千,歲,李白,相和歌辭 蜀道難
乃,與,秦,塞,通,人,煙,李白,相和歌辭 蜀道難
西,當,太,白,有,鳥,道,李白,相和歌辭 蜀道難
可,以,橫,絕,峨,眉,巔,李白,相和歌辭 蜀道難
地,崩,山,摧,壯,士,死,李白,相和歌辭 蜀道難
黃,鶴,之,飛,尚,不,得,李白,相和歌辭 蜀道難
猨,猱,欲,度,愁,攀,緣,李白,相和歌辭 蜀道難
百,步,九,折,縈,巖,巒,李白,相和歌辭 蜀道難
捫,參,歷,井,仰,脅,息,李白,相和歌辭 蜀道難
以,手,撫,膺,坐,長,歎,李白,相和歌辭 蜀道難
問,君,西,遊,何,時,還,李白,相和歌辭 蜀道難
畏,途,巉,巖,不,可,攀,李白,相和歌辭 蜀道難
但,見,悲,鳥,號,枯,木,李白,相和歌辭 蜀道難
雄,飛,呼,雌,繞,林,間,李白,相和歌辭 蜀道難
又,聞,子,規,啼,夜,月,李白,相和歌辭 蜀道難
使,人,聽,此,彫,朱,顏,李白,相和歌辭 蜀道難
連,峰,去,天,不,盈,尺,李白,相和歌辭 蜀道難
枯,松,倒,挂,倚,絕,壁,李白,相和歌辭 蜀道難
飛,湍,瀑,流,相,喧,豗,李白,相和歌辭 蜀道難
砅,崖,轉,石,萬,壑,雷,李白,相和歌辭 蜀道難
劒,閣,崢,嶸,而,崔,嵬,李白,相和歌辭 蜀道難
側,身,西,望,長,咨,嗟,李白,相和歌辭 蜀道難
奉,帚,平,明,金,殿,開,王昌齡,相和歌辭 長信怨 二
暫,將,團,扇,共,裴,回,王昌齡,相和歌辭 長信怨 二
玉,顏,不,及,寒,鵶,色,王昌齡,相和歌辭 長信怨 二
猶,帶,昭,陽,日,影,來,王昌齡,相和歌辭 長信怨 二
三,月,三,日,天,氣,新,杜甫,雜曲歌辭 麗人行
長,安,水,邊,多,麗,人,杜甫,雜曲歌辭 麗人行
態,濃,意,遠,淑,且,真,杜甫,雜曲歌辭 麗人行
肌,理,細,膩,骨,肉,勻,杜甫,雜曲歌辭 麗人行
繡,羅,衣,裳,照,暮,春,杜甫,雜曲歌辭 麗人行
蹙,金,孔,雀,銀,麒,麟,杜甫,雜曲歌辭 麗人行
翠,微,㔩,葉,垂,鬢,脣,杜甫,雜曲歌辭 麗人行
珠,壓,腰,衱,穩,稱,身,杜甫,雜曲歌辭 麗人行
就,中,雲,幕,椒,房,親,杜甫,雜曲歌辭 麗人行
賜,名,大,國,虢,與,秦,杜甫,雜曲歌辭 麗人行
紫,駞,之,峯,出,翠,釜,杜甫,雜曲歌辭 麗人行
水,晶,之,盤,行,素,鱗,杜甫,雜曲歌辭 麗人行
犀,筯,厭,飫,久,未,下,杜甫,雜曲歌辭 麗人行
鸞,刀,縷,切,空,紛,綸,杜甫,雜曲歌辭 麗人行
黃,門,飛,鞚,不,動,塵,杜甫,雜曲歌辭 麗人行
御,廚,絲,絡,送,八,珍,杜甫,雜曲歌辭 麗人行
簫,鼓,哀,吟,感,鬼,神,杜甫,雜曲歌辭 麗人行
賓,從,雜,遝,實,要,津,杜甫,雜曲歌辭 麗人行
後,來,鞍,馬,何,逡,巡,杜甫,雜曲歌辭 麗人行
當,軒,下,馬,入,錦,茵,杜甫,雜曲歌辭 麗人行
楊,花,雪,落,覆,白,蘋,杜甫,雜曲歌辭 麗人行
青,鳥,飛,去,銜,紅,巾,杜甫,雜曲歌辭 麗人行
炙,手,可,熱,勢,絕,倫,杜甫,雜曲歌辭 麗人行
慎,莫,近,前,丞,相,嗔,杜甫,雜曲歌辭 麗人行
絡,緯,秋,啼,金,井,欄,李白,雜曲歌辭 長相思三首 一
微,霜,淒,淒,簟,色,寒,李白,雜曲歌辭 長相思三首 一
孤,燈,不,明,思,欲,絕,李白,雜曲歌辭 長相思三首 一
卷,帷,望,月,空,長,歎,李白,雜曲歌辭 長相思三首 一
美,人,如,花,隔,雲,端,李白,雜曲歌辭 長相思三首 一
上,有,青,冥,之,長,天,李白,雜曲歌辭 長相思三首 一
下,有,綠,水,之,波,瀾,李白,雜曲歌辭 長相思三首 一
天,長,路,遠,魂,飛,苦,李白,雜曲歌辭 長相思三首 一
夢,魂,不,到,關,山,難,李白,雜曲歌辭 長相思三首 一
日,色,已,盡,花,含,煙,李白,雜曲歌辭 長相思三首 二
月,明,欲,素,愁,不,眠,李白,雜曲歌辭 長相思三首 二
趙,瑟,初,停,鳳,凰,柱,李白,雜曲歌辭 長相思三首 二
蜀,琴,欲,奏,鴛,鴦,弦,李白,雜曲歌辭 長相思三首 二
此,曲,有,意,無,人,傳,李白,雜曲歌辭 長相思三首 二
願,隨,春,風,寄,燕,然,李白,雜曲歌辭 長相思三首 二
憶,君,迢,迢,隔,青,天,李白,雜曲歌辭 長相思三首 二
歸,來,看,取,明,鏡,前,李白,雜曲歌辭 長相思三首 二
金,尊,清,酒,斗,十,千,李白,雜曲歌辭 行路難三首 一
玉,盤,珍,羞,直,萬,錢,李白,雜曲歌辭 行路難三首 一
停,杯,投,筯,不,能,食,李白,雜曲歌辭 行路難三首 一
拔,劒,四,顧,心,茫,然,李白,雜曲歌辭 行路難三首 一
欲,渡,黃,河,冰,塞,川,李白,雜曲歌辭 行路難三首 一
將,登,太,行,雪,暗,天,李白,雜曲歌辭 行路難三首 一
閑,來,垂,釣,坐,溪,上,李白,雜曲歌辭 行路難三首 一
忽,復,乘,舟,夢,日,邊,李白,雜曲歌辭 行路難三首 一
長,風,破,浪,會,有,時,李白,雜曲歌辭 行路難三首 一
直,挂,雲,帆,濟,滄,海,李白,雜曲歌辭 行路難三首 一
羞,逐,長,安,社,中,兒,李白,雜曲歌辭 行路難三首 二
赤,雞,白,狗,賭,梨,栗,李白,雜曲歌辭 行路難三首 二
彈,劒,作,歌,奏,苦,聲,李白,雜曲歌辭 行路難三首 二
曳,裾,王,門,不,稱,情,李白,雜曲歌辭 行路難三首 二
淮,陰,市,井,笑,韓,信,李白,雜曲歌辭 行路難三首 二
漢,朝,公,卿,忌,賈,生,李白,雜曲歌辭 行路難三首 二
擁,篲,折,腰,無,嫌,猜,李白,雜曲歌辭 行路難三首 二
劇,辛,樂,毅,感,恩,分,李白,雜曲歌辭 行路難三首 二
輸,肝,剖,膽,效,英,才,李白,雜曲歌辭 行路難三首 二
昭,王,白,骨,縈,蔓,草,李白,雜曲歌辭 行路難三首 二
誰,人,更,掃,黃,金,臺,李白,雜曲歌辭 行路難三首 二
有,耳,莫,洗,潁,川,水,李白,雜曲歌辭 行路難三首 三
有,口,莫,食,首,陽,蕨,李白,雜曲歌辭 行路難三首 三
含,光,混,世,貴,無,名,李白,雜曲歌辭 行路難三首 三
何,用,孤,高,比,雲,月,李白,雜曲歌辭 行路難三首 三
吾,觀,自,古,賢,達,人,李白,雜曲歌辭 行路難三首 三
功,成,不,退,皆,殞,身,李白,雜曲歌辭 行路難三首 三
子,胥,既,棄,吳,江,上,李白,雜曲歌辭 行路難三首 三
屈,原,終,投,湘,水,濱,李白,雜曲歌辭 行路難三首 三
陸,機,才,多,豈,自,保,李白,雜曲歌辭 行路難三首 三
李,斯,稅,駕,苦,不,早,李白,雜曲歌辭 行路難三首 三
華,亭,鶴,唳,詎,可,聞,李白,雜曲歌辭 行路難三首 三
上,蔡,蒼,鷹,何,足,道,李白,雜曲歌辭 行路難三首 三
秋,風,忽,憶,江,東,行,李白,雜曲歌辭 行路難三首 三
且,樂,生,前,一,杯,酒,李白,雜曲歌辭 行路難三首 三
何,須,身,後,千,載,名,李白,雜曲歌辭 行路難三首 三
盧,家,小,婦,鬱,金,堂,沈佺期,雜曲歌辭 獨不見
海,燕,雙,栖,玳,瑁,梁,沈佺期,雜曲歌辭 獨不見
九,月,寒,砧,催,下,葉,沈佺期,雜曲歌辭 獨不見
十,年,征,戍,憶,遼,陽,沈佺期,雜曲歌辭 獨不見
白,狼,河,北,音,書,斷,沈佺期,雜曲歌辭 獨不見
丹,鳳,城,南,秋,夜,長,沈佺期,雜曲歌辭 獨不見
誰,知,含,愁,獨,不,見,沈佺期,雜曲歌辭 獨不見
使,妾,明,月,照,流,黃,沈佺期,雜曲歌辭 獨不見
桂,魄,初,生,秋,露,微,王涯,雜曲歌辭 秋夜曲
輕,羅,已,薄,未,更,衣,王涯,雜曲歌辭 秋夜曲
銀,箏,夜,久,殷,勤,弄,王涯,雜曲歌辭 秋夜曲
心,怯,空,房,不,忍,歸,王涯,雜曲歌辭 秋夜曲
鶯,啼,燕,語,報,新,年,皇甫冉,春思
馬,邑,龍,堆,路,幾,千,皇甫冉,春思
家,住,秦,城,鄰,漢,苑,皇甫冉,春思
心,隨,明,月,到,胡,天,皇甫冉,春思
機,中,錦,字,論,長,恨,皇甫冉,春思
樓,上,花,枝,笑,獨,眠,皇甫冉,春思
爲,問,元,戎,竇,車,騎,皇甫冉,春思
何,時,反,斾,勒,燕,然,皇甫冉,春思
更,深,月,色,半,人,家,劉方平,夜月
北,斗,闌,干,南,斗,斜,劉方平,夜月
今,夜,偏,知,春,氣,暖,劉方平,夜月
蟲,聲,新,透,綠,窗,紗,劉方平,夜月
紗,窗,日,落,漸,黃,昏,劉方平,春怨
金,屋,無,人,見,淚,痕,劉方平,春怨
寂,寞,空,庭,春,欲,晚,劉方平,春怨
梨,花,滿,地,不,開,門,劉方平,春怨
黃,河,遠,上,白,雲,間,王之渙,涼州詞二首” 一
一,片,孤,城,萬,仞,山,王之渙,涼州詞二首” 一
羌,笛,何,須,怨,楊,柳,王之渙,涼州詞二首” 一
春,光,不,度,玉,門,關,王之渙,涼州詞二首” 一
歲,歲,金,河,復,玉,關,柳中庸,征怨
朝,朝,馬,策,與,刀,環,柳中庸,征怨
三,春,白,雪,歸,青,冢,柳中庸,征怨
萬,里,黃,河,遶,黑,山,柳中庸,征怨
玉,樓,天,半,起,笙,歌,顧況,宮詞五首 二
風,送,宮,嬪,笑,語,和,顧況,宮詞五首 二
月,殿,影,開,聞,夜,漏,顧況,宮詞五首 二
水,精,簾,卷,近,銀,河,顧況,宮詞五首 二
